y,x,frame,sperm
34.0,559.0,0,1
34.0,559.0,1,1
34.0,559.0,2,1
34.0,559.0,3,1
34.0,559.0,4,1
34.0,559.0,5,1
34.0,559.0,6,1
34.0,558.0,7,1
34.0,558.0,8,1
34.0,558.0,9,1
34.0,558.0,10,1
34.0,558.0,11,1
34.0,558.0,12,1
34.0,558.0,13,1
34.0,558.0,14,1
34.0,558.0,15,1
34.0,558.0,16,1
34.0,558.0,17,1
34.0,558.0,18,1
34.0,558.0,19,1
34.0,558.0,20,1
34.0,558.0,21,1
34.0,558.0,22,1
82.0,648.0,0,2
82.0,649.0,1,2
82.0,648.0,2,2
82.0,648.0,3,2
81.0,649.0,4,2
81.0,648.0,5,2
81.0,648.0,6,2
82.0,648.0,7,2
82.0,648.0,8,2
82.0,648.0,9,2
82.0,648.0,10,2
82.0,648.0,11,2
82.0,648.0,12,2
82.0,648.0,13,2
82.0,648.0,14,2
82.0,647.0,15,2
82.0,647.0,16,2
82.0,647.0,17,2
82.0,647.0,18,2
82.0,647.0,19,2
82.0,647.0,20,2
82.0,647.0,21,2
82.0,647.0,22,2
82.0,647.0,23,2
82.0,646.0,24,2
82.0,646.0,25,2
82.0,646.0,26,2
82.0,646.0,27,2
83.0,646.0,28,2
82.0,646.0,29,2
82.0,646.0,30,2
82.0,646.0,31,2
82.0,646.0,32,2
82.0,646.0,33,2
82.0,646.0,34,2
82.0,646.0,35,2
82.0,645.0,36,2
82.0,645.0,37,2
82.0,645.0,38,2
82.0,645.0,39,2
82.0,645.0,40,2
82.0,645.0,41,2
82.0,645.0,42,2
82.0,645.0,43,2
82.0,644.0,44,2
83.0,644.0,45,2
83.0,644.0,46,2
83.0,644.0,47,2
83.0,644.0,48,2
83.0,644.0,49,2
83.0,644.0,50,2
83.0,644.0,51,2
83.0,644.0,52,2
83.0,644.0,53,2
83.0,644.0,54,2
83.0,644.0,55,2
83.0,643.0,56,2
83.0,643.0,57,2
83.0,643.0,58,2
83.0,643.0,59,2
83.0,642.0,60,2
83.0,642.0,61,2
83.0,642.0,62,2
83.0,642.0,63,2
83.0,643.0,64,2
83.0,643.0,65,2
83.0,643.0,66,2
83.0,642.0,67,2
83.0,642.0,68,2
83.0,642.0,69,2
83.0,642.0,70,2
83.0,642.0,71,2
83.0,642.0,72,2
83.0,642.0,73,2
83.0,642.0,74,2
83.0,642.0,75,2
83.0,642.0,76,2
83.0,642.0,77,2
83.0,641.0,78,2
83.0,641.0,79,2
83.0,641.0,80,2
83.0,641.0,81,2
83.0,641.0,82,2
83.0,641.0,83,2
83.0,641.0,84,2
83.0,641.0,85,2
83.0,641.0,86,2
83.0,641.0,87,2
83.0,641.0,88,2
83.0,641.0,89,2
83.0,641.0,90,2
83.0,640.0,91,2
83.0,640.0,92,2
83.0,640.0,93,2
83.0,640.0,94,2
83.0,640.0,95,2
83.0,640.0,96,2
83.0,640.0,97,2
83.0,640.0,98,2
83.0,639.0,99,2
83.0,639.0,100,2
83.0,639.0,101,2
83.0,639.0,102,2
83.0,639.0,103,2
83.0,639.0,104,2
83.0,639.0,105,2
83.0,639.0,106,2
83.0,639.0,107,2
83.0,639.0,108,2
83.0,639.0,109,2
83.0,639.0,110,2
83.0,638.0,111,2
83.0,638.0,112,2
83.0,638.0,113,2
83.0,638.0,114,2
83.0,638.0,115,2
83.0,638.0,116,2
83.0,638.0,117,2
83.0,638.0,118,2
83.0,638.0,119,2
83.0,638.0,120,2
83.0,638.0,121,2
83.0,638.0,122,2
83.0,637.0,123,2
83.0,637.0,124,2
83.0,637.0,125,2
83.0,637.0,126,2
83.0,637.0,127,2
83.0,637.0,128,2
83.0,636.0,129,2
83.0,636.0,130,2
83.0,636.0,131,2
83.0,637.0,132,2
83.0,636.0,133,2
83.0,636.0,134,2
83.0,636.0,135,2
83.0,636.0,136,2
83.0,636.0,137,2
83.0,636.0,138,2
83.0,636.0,139,2
83.0,636.0,140,2
83.0,636.0,141,2
83.0,636.0,142,2
83.0,636.0,143,2
83.0,636.0,144,2
83.0,636.0,145,2
83.0,636.0,146,2
83.0,635.0,147,2
83.0,635.0,148,2
83.0,635.0,149,2
83.0,635.0,150,2
83.0,635.0,151,2
83.0,635.0,152,2
83.0,635.0,153,2
83.0,635.0,154,2
83.0,635.0,155,2
83.0,635.0,156,2
83.0,634.0,157,2
83.0,635.0,158,2
83.0,634.0,159,2
83.0,634.0,160,2
83.0,634.0,161,2
83.0,634.0,162,2
83.0,634.0,163,2
84.0,634.0,164,2
84.0,634.0,165,2
84.0,634.0,166,2
84.0,634.0,167,2
84.0,634.0,168,2
83.0,633.0,169,2
83.0,633.0,170,2
83.0,633.0,171,2
83.0,633.0,172,2
83.0,633.0,173,2
83.0,633.0,174,2
83.0,632.0,175,2
83.0,632.0,176,2
83.0,632.0,177,2
83.0,632.0,178,2
83.0,632.0,179,2
84.0,631.0,180,2
84.0,631.0,181,2
84.0,631.0,182,2
84.0,631.0,183,2
84.0,632.0,184,2
84.0,631.0,185,2
84.0,631.0,186,2
84.0,631.0,187,2
84.0,631.0,188,2
84.0,631.0,189,2
84.0,631.0,190,2
84.0,631.0,191,2
84.0,631.0,192,2
84.0,631.0,193,2
84.0,631.0,194,2
84.0,631.0,195,2
84.0,631.0,196,2
84.0,630.0,197,2
84.0,630.0,198,2
84.0,630.0,199,2
84.0,630.0,200,2
84.0,630.0,201,2
84.0,630.0,202,2
84.0,630.0,203,2
84.0,630.0,204,2
84.0,630.0,205,2
84.0,630.0,206,2
84.0,630.0,207,2
84.0,630.0,208,2
84.0,630.0,209,2
84.0,630.0,210,2
84.0,630.0,211,2
84.0,630.0,212,2
84.0,630.0,213,2
84.0,629.0,214,2
84.0,629.0,215,2
84.0,630.0,216,2
84.0,629.0,217,2
84.0,630.0,218,2
84.0,630.0,219,2
84.0,629.0,220,2
84.0,629.0,221,2
84.0,629.0,222,2
84.0,629.0,223,2
84.0,628.0,224,2
84.0,628.0,225,2
84.0,628.0,226,2
84.0,628.0,227,2
84.0,628.0,228,2
84.0,628.0,229,2
84.0,628.0,230,2
84.0,628.0,231,2
85.0,628.0,232,2
85.0,628.0,233,2
85.0,628.0,234,2
85.0,627.0,235,2
85.0,627.0,236,2
85.0,627.0,237,2
85.0,627.0,238,2
85.0,627.0,239,2
85.0,627.0,240,2
85.0,627.0,241,2
85.0,627.0,242,2
85.0,627.0,243,2
85.0,627.0,244,2
85.0,627.0,245,2
85.0,627.0,246,2
84.0,627.0,247,2
85.0,626.0,248,2
85.0,626.0,249,2
85.0,626.0,250,2
84.0,626.0,251,2
84.0,626.0,252,2
84.0,626.0,253,2
84.0,626.0,254,2
84.0,626.0,255,2
85.0,626.0,256,2
85.0,625.0,257,2
85.0,625.0,258,2
85.0,625.0,259,2
85.0,625.0,260,2
85.0,625.0,261,2
85.0,626.0,262,2
85.0,625.0,263,2
101.0,387.0,0,3
101.0,387.0,1,3
101.0,387.0,2,3
101.0,387.0,3,3
101.0,387.0,4,3
101.0,386.0,5,3
101.0,386.0,6,3
101.0,386.0,7,3
101.0,386.0,8,3
101.0,386.0,9,3
101.0,386.0,10,3
101.0,386.0,11,3
101.0,386.0,12,3
101.0,386.0,13,3
101.0,385.0,14,3
101.0,385.0,15,3
101.0,385.0,16,3
101.0,385.0,17,3
101.0,385.0,18,3
102.0,385.0,19,3
102.0,385.0,20,3
102.0,385.0,21,3
103.0,385.0,22,3
102.0,384.0,23,3
102.0,384.0,24,3
102.0,384.0,25,3
102.0,384.0,26,3
102.0,384.0,27,3
102.0,384.0,28,3
102.0,384.0,29,3
102.0,384.0,30,3
102.0,384.0,31,3
102.0,384.0,32,3
102.0,384.0,33,3
102.0,384.0,34,3
102.0,384.0,35,3
102.0,384.0,36,3
102.0,384.0,37,3
102.0,383.0,38,3
102.0,383.0,39,3
102.0,383.0,40,3
102.0,383.0,41,3
102.0,383.0,42,3
102.0,384.0,43,3
102.0,384.0,44,3
102.0,383.0,45,3
102.0,383.0,46,3
102.0,383.0,47,3
102.0,384.0,48,3
102.0,384.0,49,3
102.0,383.0,50,3
102.0,384.0,51,3
102.0,383.0,52,3
102.0,383.0,53,3
102.0,383.0,54,3
102.0,383.0,55,3
102.0,383.0,56,3
102.0,383.0,57,3
102.0,383.0,58,3
102.0,384.0,59,3
102.0,384.0,60,3
102.0,383.0,61,3
102.0,383.0,62,3
102.0,383.0,63,3
102.0,384.0,64,3
102.0,384.0,65,3
103.0,384.0,66,3
102.0,384.0,67,3
103.0,384.0,68,3
102.0,384.0,69,3
102.0,383.0,70,3
102.0,383.0,71,3
102.0,383.0,72,3
102.0,383.0,73,3
102.0,383.0,74,3
102.0,383.0,75,3
102.0,384.0,76,3
102.0,384.0,77,3
102.0,384.0,78,3
102.0,384.0,79,3
102.0,384.0,80,3
102.0,384.0,81,3
102.0,384.0,82,3
102.0,384.0,83,3
102.0,384.0,84,3
102.0,383.0,85,3
102.0,383.0,86,3
102.0,383.0,87,3
102.0,384.0,88,3
102.0,384.0,89,3
102.0,384.0,90,3
102.0,384.0,91,3
102.0,384.0,92,3
102.0,383.0,93,3
102.0,383.0,94,3
102.0,383.0,95,3
102.0,383.0,96,3
102.0,384.0,97,3
102.0,384.0,98,3
102.0,384.0,99,3
102.0,384.0,100,3
102.0,383.0,101,3
102.0,383.0,102,3
102.0,383.0,103,3
102.0,383.0,104,3
102.0,383.0,105,3
102.0,383.0,106,3
102.0,383.0,107,3
102.0,383.0,108,3
102.0,383.0,109,3
102.0,383.0,110,3
102.0,383.0,111,3
102.0,383.0,112,3
102.0,384.0,113,3
102.0,383.0,114,3
102.0,383.0,115,3
102.0,384.0,116,3
102.0,384.0,117,3
102.0,384.0,118,3
102.0,384.0,119,3
102.0,384.0,120,3
101.0,384.0,121,3
101.0,383.0,122,3
101.0,383.0,123,3
102.0,383.0,124,3
101.0,383.0,125,3
102.0,383.0,126,3
102.0,383.0,127,3
102.0,383.0,128,3
102.0,384.0,129,3
102.0,384.0,130,3
102.0,384.0,131,3
102.0,384.0,132,3
102.0,384.0,133,3
102.0,384.0,134,3
102.0,384.0,135,3
102.0,384.0,136,3
102.0,384.0,137,3
102.0,384.0,138,3
102.0,384.0,139,3
102.0,384.0,140,3
102.0,384.0,141,3
102.0,384.0,142,3
102.0,384.0,143,3
102.0,384.0,144,3
102.0,384.0,145,3
102.0,384.0,146,3
102.0,384.0,147,3
102.0,384.0,148,3
102.0,384.0,149,3
102.0,384.0,150,3
102.0,384.0,151,3
102.0,384.0,152,3
102.0,384.0,153,3
102.0,384.0,154,3
102.0,384.0,155,3
102.0,384.0,156,3
102.0,384.0,157,3
102.0,384.0,158,3
102.0,384.0,159,3
102.0,384.0,160,3
102.0,384.0,161,3
102.0,384.0,162,3
102.0,384.0,163,3
102.0,384.0,164,3
102.0,384.0,165,3
102.0,384.0,166,3
102.0,384.0,167,3
102.0,384.0,168,3
102.0,384.0,169,3
102.0,384.0,170,3
102.0,384.0,171,3
102.0,384.0,172,3
102.0,384.0,173,3
102.0,384.0,174,3
102.0,384.0,175,3
102.0,384.0,176,3
102.0,384.0,177,3
102.0,384.0,178,3
102.0,384.0,179,3
102.0,384.0,180,3
102.0,384.0,181,3
102.0,384.0,182,3
102.0,384.0,183,3
102.0,384.0,184,3
102.0,384.0,185,3
102.0,384.0,186,3
103.0,384.0,187,3
102.0,384.0,188,3
102.0,384.0,189,3
102.0,384.0,190,3
102.0,384.0,191,3
102.0,384.0,192,3
102.0,384.0,193,3
102.0,384.0,194,3
102.0,384.0,195,3
102.0,384.0,196,3
102.0,384.0,197,3
102.0,384.0,198,3
102.0,384.0,199,3
102.0,384.0,200,3
102.0,384.0,201,3
102.0,384.0,202,3
102.0,384.0,203,3
102.0,384.0,204,3
102.0,384.0,205,3
102.0,384.0,206,3
102.0,384.0,207,3
102.0,384.0,208,3
102.0,384.0,209,3
102.0,384.0,210,3
102.0,384.0,211,3
102.0,384.0,212,3
102.0,384.0,213,3
102.0,384.0,214,3
102.0,384.0,215,3
102.0,384.0,216,3
102.0,384.0,217,3
102.0,384.0,218,3
102.0,384.0,219,3
102.0,384.0,220,3
102.0,384.0,221,3
102.0,384.0,222,3
102.0,384.0,223,3
102.0,384.0,224,3
102.0,384.0,225,3
102.0,384.0,226,3
102.0,384.0,227,3
102.0,384.0,228,3
102.0,384.0,229,3
102.0,384.0,230,3
102.0,384.0,231,3
102.0,384.0,232,3
102.0,384.0,233,3
102.0,384.0,234,3
102.0,384.0,235,3
102.0,384.0,236,3
102.0,384.0,237,3
102.0,384.0,238,3
102.0,384.0,239,3
102.0,384.0,240,3
102.0,384.0,241,3
102.0,384.0,242,3
102.0,384.0,243,3
102.0,384.0,244,3
102.0,384.0,245,3
102.0,384.0,246,3
102.0,384.0,247,3
102.0,384.0,248,3
102.0,384.0,249,3
102.0,384.0,250,3
102.0,384.0,251,3
102.0,384.0,252,3
102.0,384.0,253,3
102.0,384.0,254,3
102.0,384.0,255,3
102.0,384.0,256,3
102.0,384.0,257,3
102.0,384.0,258,3
102.0,384.0,259,3
102.0,384.0,260,3
102.0,384.0,261,3
102.0,384.0,262,3
102.0,384.0,263,3
109.0,113.0,0,4
109.0,113.0,1,4
109.0,113.0,2,4
109.0,113.0,3,4
109.0,113.0,4,4
109.0,113.0,5,4
109.0,113.0,6,4
109.0,113.0,7,4
109.0,113.0,8,4
109.0,113.0,9,4
109.0,113.0,10,4
109.0,113.0,11,4
109.0,113.0,12,4
109.0,113.0,13,4
109.0,113.0,14,4
109.0,113.0,15,4
109.0,113.0,16,4
109.0,113.0,17,4
109.0,113.0,18,4
109.0,113.0,19,4
109.0,113.0,20,4
109.0,113.0,21,4
109.0,113.0,22,4
109.0,113.0,23,4
109.0,113.0,24,4
109.0,113.0,25,4
109.0,113.0,26,4
109.0,113.0,27,4
109.0,113.0,28,4
109.0,113.0,29,4
109.0,113.0,30,4
109.0,113.0,31,4
109.0,113.0,32,4
109.0,113.0,33,4
109.0,113.0,34,4
109.0,113.0,35,4
109.0,113.0,36,4
109.0,113.0,37,4
109.0,113.0,38,4
109.0,113.0,39,4
109.0,113.0,40,4
109.0,113.0,41,4
109.0,113.0,42,4
109.0,113.0,43,4
109.0,113.0,44,4
109.0,113.0,45,4
109.0,113.0,46,4
109.0,113.0,47,4
109.0,113.0,48,4
109.0,113.0,49,4
109.0,113.0,50,4
109.0,113.0,51,4
109.0,113.0,52,4
109.0,113.0,53,4
109.0,113.0,54,4
109.0,113.0,55,4
109.0,113.0,56,4
109.0,113.0,57,4
109.0,113.0,58,4
109.0,113.0,59,4
109.0,113.0,60,4
109.0,113.0,61,4
109.0,113.0,62,4
109.0,113.0,63,4
109.0,113.0,64,4
109.0,113.0,65,4
109.0,113.0,66,4
109.0,113.0,67,4
109.0,113.0,68,4
109.0,113.0,69,4
109.0,113.0,70,4
109.0,113.0,71,4
109.0,113.0,72,4
109.0,113.0,73,4
109.0,113.0,74,4
109.0,113.0,75,4
109.0,113.0,76,4
109.0,113.0,77,4
109.0,113.0,78,4
109.0,113.0,79,4
109.0,113.0,80,4
109.0,113.0,81,4
109.0,113.0,82,4
109.0,113.0,83,4
109.0,113.0,84,4
109.0,113.0,85,4
109.0,113.0,86,4
109.0,113.0,87,4
109.0,113.0,88,4
109.0,113.0,89,4
109.0,113.0,90,4
109.0,113.0,91,4
109.0,113.0,92,4
109.0,113.0,93,4
109.0,113.0,94,4
109.0,113.0,95,4
109.0,113.0,96,4
109.0,113.0,97,4
109.0,113.0,98,4
109.0,113.0,99,4
109.0,113.0,100,4
109.0,113.0,101,4
109.0,113.0,102,4
109.0,113.0,103,4
109.0,113.0,104,4
109.0,113.0,105,4
109.0,113.0,106,4
109.0,113.0,107,4
109.0,113.0,108,4
109.0,113.0,109,4
109.0,113.0,110,4
109.0,113.0,111,4
109.0,113.0,112,4
109.0,113.0,113,4
109.0,113.0,114,4
109.0,113.0,115,4
109.0,113.0,116,4
109.0,113.0,117,4
109.0,113.0,118,4
109.0,113.0,119,4
109.0,113.0,120,4
109.0,113.0,121,4
109.0,113.0,122,4
109.0,113.0,123,4
109.0,113.0,124,4
109.0,113.0,125,4
109.0,113.0,126,4
109.0,113.0,127,4
109.0,113.0,128,4
109.0,113.0,129,4
109.0,113.0,130,4
109.0,113.0,131,4
109.0,113.0,132,4
109.0,113.0,133,4
109.0,113.0,134,4
109.0,113.0,135,4
109.0,113.0,136,4
109.0,113.0,137,4
109.0,113.0,138,4
109.0,113.0,139,4
109.0,113.0,140,4
109.0,113.0,141,4
109.0,113.0,142,4
109.0,113.0,143,4
109.0,113.0,144,4
109.0,113.0,145,4
109.0,113.0,146,4
109.0,113.0,147,4
109.0,113.0,148,4
109.0,113.0,149,4
109.0,113.0,150,4
109.0,113.0,151,4
109.0,113.0,152,4
109.0,113.0,153,4
109.0,113.0,154,4
109.0,113.0,155,4
109.0,113.0,156,4
109.0,113.0,157,4
109.0,113.0,158,4
109.0,113.0,159,4
109.0,113.0,160,4
109.0,113.0,161,4
109.0,113.0,162,4
109.0,113.0,163,4
109.0,113.0,164,4
109.0,113.0,165,4
109.0,113.0,166,4
109.0,113.0,167,4
109.0,113.0,168,4
109.0,113.0,169,4
109.0,113.0,170,4
109.0,113.0,171,4
109.0,113.0,172,4
109.0,113.0,173,4
109.0,113.0,174,4
109.0,113.0,175,4
109.0,113.0,176,4
109.0,113.0,177,4
109.0,113.0,178,4
109.0,113.0,179,4
109.0,113.0,180,4
109.0,113.0,181,4
109.0,113.0,182,4
109.0,113.0,183,4
109.0,113.0,184,4
109.0,113.0,185,4
109.0,113.0,186,4
109.0,113.0,187,4
109.0,113.0,188,4
109.0,113.0,189,4
109.0,113.0,190,4
109.0,113.0,191,4
109.0,113.0,192,4
109.0,113.0,193,4
109.0,113.0,194,4
109.0,113.0,195,4
109.0,113.0,196,4
109.0,113.0,197,4
109.0,113.0,198,4
109.0,113.0,199,4
109.0,113.0,200,4
109.0,113.0,201,4
109.0,113.0,202,4
109.0,113.0,203,4
109.0,113.0,204,4
109.0,113.0,205,4
109.0,113.0,206,4
109.0,113.0,207,4
109.0,113.0,208,4
109.0,113.0,209,4
109.0,113.0,210,4
109.0,113.0,211,4
109.0,113.0,212,4
109.0,113.0,213,4
109.0,113.0,214,4
109.0,113.0,215,4
109.0,113.0,216,4
109.0,113.0,217,4
109.0,113.0,218,4
109.0,113.0,219,4
109.0,113.0,220,4
109.0,113.0,221,4
109.0,113.0,222,4
109.0,113.0,223,4
109.0,113.0,224,4
109.0,113.0,225,4
109.0,113.0,226,4
109.0,113.0,227,4
109.0,113.0,228,4
109.0,113.0,229,4
109.0,113.0,230,4
109.0,113.0,231,4
109.0,113.0,232,4
109.0,113.0,233,4
109.0,113.0,234,4
109.0,113.0,235,4
109.0,113.0,236,4
109.0,113.0,237,4
109.0,113.0,238,4
109.0,113.0,239,4
109.0,113.0,240,4
109.0,113.0,241,4
109.0,113.0,242,4
109.0,113.0,243,4
109.0,113.0,244,4
109.0,113.0,245,4
109.0,113.0,246,4
109.0,113.0,247,4
109.0,113.0,248,4
109.0,113.0,249,4
109.0,113.0,250,4
109.0,113.0,251,4
109.0,113.0,252,4
109.0,113.0,253,4
109.0,113.0,254,4
109.0,113.0,255,4
109.0,113.0,256,4
109.0,113.0,257,4
109.0,113.0,258,4
109.0,113.0,259,4
109.0,113.0,260,4
109.0,113.0,261,4
109.0,113.0,262,4
109.0,113.0,263,4
112.0,772.0,0,5
112.0,772.0,1,5
112.0,772.0,2,5
112.0,772.0,3,5
112.0,772.0,4,5
112.0,772.0,5,5
112.0,772.0,6,5
112.0,772.0,7,5
112.0,772.0,8,5
112.0,772.0,9,5
112.0,772.0,10,5
112.0,772.0,11,5
112.0,772.0,12,5
112.0,772.0,13,5
112.0,772.0,14,5
112.0,772.0,15,5
112.0,772.0,16,5
112.0,772.0,17,5
112.0,772.0,18,5
112.0,772.0,19,5
112.0,772.0,20,5
112.0,772.0,21,5
112.0,772.0,22,5
112.0,772.0,23,5
112.0,772.0,24,5
112.0,772.0,25,5
112.0,772.0,26,5
112.0,772.0,27,5
112.0,772.0,28,5
112.0,772.0,29,5
112.0,772.0,30,5
112.0,772.0,31,5
112.0,772.0,32,5
112.0,772.0,33,5
112.0,772.0,34,5
112.0,772.0,35,5
112.0,772.0,36,5
112.0,772.0,37,5
112.0,772.0,38,5
112.0,772.0,39,5
112.0,772.0,40,5
112.0,772.0,41,5
112.0,772.0,42,5
112.0,772.0,43,5
112.0,772.0,44,5
112.0,772.0,45,5
112.0,772.0,46,5
112.0,772.0,47,5
112.0,772.0,48,5
112.0,772.0,49,5
112.0,772.0,50,5
112.0,772.0,51,5
112.0,772.0,52,5
112.0,772.0,53,5
112.0,772.0,54,5
112.0,772.0,55,5
112.0,772.0,56,5
112.0,772.0,57,5
112.0,772.0,58,5
112.0,772.0,59,5
112.0,772.0,60,5
112.0,772.0,61,5
112.0,772.0,62,5
112.0,772.0,63,5
112.0,772.0,64,5
112.0,772.0,65,5
112.0,772.0,66,5
112.0,772.0,67,5
112.0,772.0,68,5
112.0,772.0,69,5
112.0,772.0,70,5
112.0,772.0,71,5
112.0,772.0,72,5
112.0,772.0,73,5
112.0,772.0,74,5
112.0,772.0,75,5
112.0,772.0,76,5
112.0,772.0,77,5
112.0,772.0,78,5
112.0,772.0,79,5
112.0,772.0,80,5
112.0,772.0,81,5
112.0,772.0,82,5
112.0,772.0,83,5
112.0,772.0,84,5
112.0,772.0,85,5
112.0,772.0,86,5
112.0,772.0,87,5
112.0,772.0,88,5
112.0,772.0,89,5
112.0,772.0,90,5
112.0,772.0,91,5
112.0,772.0,92,5
112.0,772.0,93,5
112.0,772.0,94,5
112.0,772.0,95,5
112.0,772.0,96,5
112.0,772.0,97,5
112.0,772.0,98,5
112.0,772.0,99,5
112.0,772.0,100,5
112.0,772.0,101,5
112.0,772.0,102,5
112.0,772.0,103,5
112.0,772.0,104,5
112.0,772.0,105,5
112.0,772.0,106,5
112.0,772.0,107,5
112.0,772.0,108,5
112.0,772.0,109,5
112.0,772.0,110,5
112.0,772.0,111,5
112.0,772.0,112,5
112.0,772.0,113,5
112.0,772.0,114,5
112.0,772.0,115,5
112.0,772.0,116,5
112.0,772.0,117,5
112.0,772.0,118,5
112.0,772.0,119,5
112.0,772.0,120,5
112.0,772.0,121,5
112.0,772.0,122,5
112.0,772.0,123,5
112.0,772.0,124,5
112.0,772.0,125,5
112.0,772.0,126,5
112.0,772.0,127,5
112.0,772.0,128,5
112.0,772.0,129,5
112.0,772.0,130,5
112.0,772.0,131,5
112.0,772.0,132,5
112.0,772.0,133,5
112.0,772.0,134,5
112.0,772.0,135,5
112.0,772.0,136,5
112.0,772.0,137,5
112.0,772.0,138,5
112.0,772.0,139,5
112.0,772.0,140,5
112.0,772.0,141,5
112.0,772.0,142,5
112.0,772.0,143,5
112.0,772.0,144,5
112.0,772.0,145,5
112.0,772.0,146,5
112.0,772.0,147,5
112.0,772.0,148,5
112.0,772.0,149,5
112.0,772.0,150,5
112.0,772.0,151,5
112.0,772.0,152,5
112.0,772.0,153,5
112.0,772.0,154,5
112.0,772.0,155,5
112.0,772.0,156,5
112.0,772.0,157,5
112.0,772.0,158,5
112.0,772.0,159,5
112.0,772.0,160,5
112.0,772.0,161,5
112.0,772.0,162,5
112.0,772.0,163,5
112.0,772.0,164,5
112.0,772.0,165,5
112.0,772.0,166,5
112.0,772.0,167,5
112.0,772.0,168,5
112.0,772.0,169,5
112.0,772.0,170,5
112.0,772.0,171,5
112.0,772.0,172,5
112.0,772.0,173,5
112.0,772.0,174,5
112.0,772.0,175,5
112.0,772.0,176,5
112.0,772.0,177,5
112.0,772.0,178,5
112.0,772.0,179,5
112.0,772.0,180,5
112.0,772.0,181,5
112.0,772.0,182,5
112.0,772.0,183,5
112.0,772.0,184,5
112.0,772.0,185,5
112.0,772.0,186,5
112.0,772.0,187,5
112.0,772.0,188,5
112.0,772.0,189,5
112.0,772.0,190,5
112.0,772.0,191,5
112.0,772.0,192,5
112.0,772.0,193,5
112.0,772.0,194,5
112.0,772.0,195,5
112.0,772.0,196,5
112.0,772.0,197,5
112.0,772.0,198,5
112.0,772.0,199,5
112.0,772.0,200,5
112.0,772.0,201,5
112.0,772.0,202,5
112.0,772.0,203,5
112.0,772.0,204,5
112.0,772.0,205,5
112.0,772.0,206,5
112.0,772.0,207,5
112.0,772.0,208,5
112.0,772.0,209,5
112.0,772.0,210,5
112.0,772.0,211,5
112.0,772.0,212,5
112.0,772.0,213,5
112.0,772.0,214,5
112.0,772.0,215,5
112.0,772.0,216,5
112.0,772.0,217,5
112.0,772.0,218,5
112.0,772.0,219,5
112.0,772.0,220,5
112.0,772.0,221,5
112.0,772.0,222,5
112.0,772.0,223,5
112.0,772.0,224,5
112.0,772.0,225,5
112.0,772.0,226,5
112.0,772.0,227,5
112.0,772.0,228,5
112.0,772.0,229,5
112.0,772.0,230,5
112.0,772.0,231,5
112.0,772.0,232,5
112.0,772.0,233,5
112.0,772.0,234,5
112.0,772.0,235,5
112.0,772.0,236,5
112.0,772.0,237,5
112.0,772.0,238,5
112.0,772.0,239,5
112.0,772.0,240,5
112.0,772.0,241,5
112.0,772.0,242,5
112.0,772.0,243,5
112.0,772.0,244,5
112.0,772.0,245,5
112.0,772.0,246,5
112.0,772.0,247,5
111.0,772.0,248,5
112.0,772.0,249,5
112.0,772.0,250,5
112.0,772.0,251,5
112.0,772.0,252,5
112.0,772.0,253,5
112.0,772.0,254,5
112.0,772.0,255,5
112.0,772.0,256,5
112.0,772.0,257,5
112.0,772.0,258,5
112.0,772.0,259,5
112.0,772.0,260,5
112.0,772.0,261,5
112.0,772.0,262,5
112.0,772.0,263,5
114.0,644.0,0,6
113.0,644.0,1,6
113.0,644.0,2,6
114.0,644.0,3,6
114.0,643.0,4,6
114.0,643.0,5,6
114.0,643.0,6,6
114.0,643.0,7,6
114.0,643.0,8,6
114.0,643.0,9,6
114.0,643.0,10,6
114.0,643.0,11,6
114.0,642.0,12,6
114.0,642.0,13,6
114.0,642.0,14,6
114.0,642.0,15,6
114.0,642.0,16,6
114.0,642.0,17,6
114.0,642.0,18,6
114.0,642.0,19,6
114.0,642.0,20,6
114.0,642.0,21,6
114.0,642.0,22,6
114.0,642.0,23,6
114.0,642.0,24,6
114.0,642.0,25,6
114.0,642.0,26,6
114.0,642.0,27,6
114.0,642.0,28,6
114.0,641.0,29,6
114.0,642.0,30,6
114.0,641.0,31,6
114.0,641.0,32,6
114.0,641.0,33,6
114.0,641.0,34,6
114.0,641.0,35,6
114.0,641.0,36,6
114.0,641.0,37,6
114.0,641.0,38,6
114.0,641.0,39,6
114.0,641.0,40,6
114.0,640.0,41,6
114.0,640.0,42,6
114.0,640.0,43,6
114.0,640.0,44,6
114.0,640.0,45,6
114.0,640.0,46,6
114.0,640.0,47,6
114.0,640.0,48,6
114.0,640.0,49,6
114.0,640.0,50,6
114.0,640.0,51,6
114.0,640.0,52,6
114.0,640.0,53,6
114.0,640.0,54,6
114.0,640.0,55,6
114.0,640.0,56,6
114.0,640.0,57,6
114.0,640.0,58,6
114.0,640.0,59,6
114.0,639.0,60,6
114.0,639.0,61,6
114.0,639.0,62,6
114.0,639.0,63,6
114.0,639.0,64,6
114.0,639.0,65,6
114.0,639.0,66,6
114.0,639.0,67,6
114.0,639.0,68,6
114.0,639.0,69,6
114.0,639.0,70,6
114.0,639.0,71,6
114.0,638.0,72,6
114.0,639.0,73,6
114.0,639.0,74,6
114.0,638.0,75,6
114.0,638.0,76,6
114.0,638.0,77,6
114.0,638.0,78,6
114.0,638.0,79,6
114.0,638.0,80,6
114.0,638.0,81,6
114.0,637.0,82,6
114.0,637.0,83,6
114.0,637.0,84,6
114.0,637.0,85,6
114.0,637.0,86,6
114.0,637.0,87,6
114.0,637.0,88,6
114.0,636.0,89,6
114.0,636.0,90,6
114.0,636.0,91,6
114.0,636.0,92,6
114.0,635.0,93,6
114.0,635.0,94,6
114.0,635.0,95,6
114.0,635.0,96,6
114.0,635.0,97,6
114.0,635.0,98,6
114.0,635.0,99,6
114.0,635.0,100,6
114.0,635.0,101,6
114.0,635.0,102,6
114.0,634.0,103,6
114.0,635.0,104,6
114.0,635.0,105,6
114.0,635.0,106,6
114.0,635.0,107,6
114.0,635.0,108,6
114.0,635.0,109,6
115.0,634.0,110,6
114.0,634.0,111,6
114.0,634.0,112,6
114.0,634.0,113,6
114.0,634.0,114,6
115.0,633.0,115,6
114.0,634.0,116,6
114.0,634.0,117,6
114.0,633.0,118,6
114.0,633.0,119,6
114.0,633.0,120,6
114.0,633.0,121,6
114.0,632.0,122,6
114.0,632.0,123,6
114.0,632.0,124,6
114.0,632.0,125,6
114.0,632.0,126,6
114.0,632.0,127,6
114.0,632.0,128,6
114.0,632.0,129,6
114.0,632.0,130,6
114.0,631.0,131,6
115.0,631.0,132,6
114.0,630.0,133,6
114.0,630.0,134,6
115.0,630.0,135,6
115.0,630.0,136,6
114.0,630.0,137,6
114.0,629.0,138,6
115.0,629.0,139,6
114.0,628.0,140,6
115.0,628.0,141,6
115.0,628.0,142,6
115.0,628.0,143,6
115.0,628.0,144,6
115.0,628.0,145,6
115.0,628.0,146,6
115.0,627.0,147,6
115.0,627.0,148,6
115.0,627.0,149,6
115.0,627.0,150,6
115.0,626.0,151,6
115.0,626.0,152,6
115.0,625.0,153,6
115.0,625.0,154,6
115.0,624.0,155,6
116.0,622.0,156,6
115.0,620.0,157,6
115.0,620.0,158,6
115.0,620.0,159,6
114.0,620.0,160,6
116.0,620.0,161,6
116.0,620.0,162,6
116.0,620.0,163,6
116.0,620.0,164,6
116.0,622.0,165,6
116.0,621.0,166,6
117.0,621.0,167,6
117.0,621.0,168,6
117.0,621.0,169,6
117.0,621.0,170,6
117.0,621.0,171,6
117.0,621.0,172,6
117.0,621.0,173,6
117.0,621.0,174,6
117.0,621.0,175,6
117.0,621.0,176,6
117.0,621.0,177,6
117.0,621.0,178,6
117.0,621.0,179,6
117.0,620.0,180,6
117.0,620.0,181,6
117.0,620.0,182,6
116.0,620.0,183,6
117.0,619.0,184,6
117.0,619.0,185,6
117.0,618.0,186,6
117.0,618.0,187,6
117.0,618.0,188,6
117.0,618.0,189,6
118.0,618.0,190,6
117.0,618.0,191,6
118.0,618.0,192,6
118.0,618.0,193,6
117.0,618.0,194,6
118.0,618.0,195,6
118.0,618.0,196,6
118.0,618.0,197,6
118.0,617.0,198,6
118.0,617.0,199,6
118.0,616.0,200,6
118.0,616.0,201,6
118.0,616.0,202,6
117.0,616.0,203,6
118.0,616.0,204,6
117.0,615.0,205,6
117.0,615.0,206,6
117.0,615.0,207,6
117.0,614.0,208,6
117.0,614.0,209,6
117.0,614.0,210,6
117.0,614.0,211,6
117.0,614.0,212,6
117.0,614.0,213,6
117.0,614.0,214,6
117.0,613.0,215,6
117.0,613.0,216,6
117.0,613.0,217,6
117.0,613.0,218,6
118.0,612.0,219,6
118.0,612.0,220,6
118.0,612.0,221,6
116.0,612.0,222,6
115.0,611.0,223,6
114.0,611.0,224,6
114.0,610.0,225,6
114.0,611.0,226,6
114.0,610.0,227,6
115.0,610.0,228,6
114.0,610.0,229,6
115.0,610.0,230,6
116.0,609.0,231,6
116.0,608.0,232,6
116.0,608.0,233,6
116.0,607.0,234,6
116.0,607.0,235,6
115.0,607.0,236,6
115.0,607.0,237,6
115.0,607.0,238,6
115.0,607.0,239,6
115.0,607.0,240,6
115.0,607.0,241,6
115.0,607.0,242,6
115.0,607.0,243,6
116.0,607.0,244,6
116.0,607.0,245,6
116.0,607.0,246,6
115.0,606.0,247,6
116.0,606.0,248,6
116.0,605.0,249,6
116.0,605.0,250,6
116.0,605.0,251,6
116.0,605.0,252,6
116.0,605.0,253,6
116.0,604.0,254,6
116.0,604.0,255,6
116.0,604.0,256,6
115.0,604.0,257,6
116.0,604.0,258,6
115.0,603.0,259,6
115.0,603.0,260,6
115.0,603.0,261,6
115.0,603.0,262,6
115.0,603.0,263,6
117.0,776.0,0,7
117.0,776.0,1,7
117.0,776.0,2,7
117.0,776.0,3,7
117.0,776.0,4,7
117.0,776.0,5,7
117.0,776.0,6,7
117.0,776.0,7,7
117.0,776.0,8,7
117.0,776.0,9,7
117.0,776.0,10,7
117.0,776.0,11,7
117.0,776.0,12,7
117.0,776.0,13,7
117.0,776.0,14,7
117.0,776.0,15,7
117.0,776.0,16,7
117.0,776.0,17,7
117.0,776.0,18,7
117.0,776.0,19,7
117.0,776.0,20,7
117.0,776.0,21,7
117.0,776.0,22,7
117.0,776.0,23,7
117.0,776.0,24,7
117.0,776.0,25,7
117.0,776.0,26,7
117.0,776.0,27,7
117.0,776.0,28,7
117.0,776.0,29,7
117.0,776.0,30,7
117.0,776.0,31,7
117.0,776.0,32,7
117.0,776.0,33,7
117.0,776.0,34,7
117.0,776.0,35,7
117.0,776.0,36,7
117.0,776.0,37,7
117.0,776.0,38,7
117.0,776.0,39,7
117.0,776.0,40,7
117.0,776.0,41,7
117.0,776.0,42,7
117.0,776.0,43,7
117.0,776.0,44,7
117.0,776.0,45,7
117.0,776.0,46,7
117.0,776.0,47,7
117.0,776.0,48,7
117.0,776.0,49,7
117.0,776.0,50,7
117.0,776.0,51,7
117.0,776.0,52,7
117.0,776.0,53,7
117.0,776.0,54,7
117.0,776.0,55,7
117.0,776.0,56,7
117.0,776.0,57,7
117.0,776.0,58,7
117.0,776.0,59,7
117.0,776.0,60,7
117.0,776.0,61,7
117.0,776.0,62,7
117.0,776.0,63,7
117.0,776.0,64,7
117.0,776.0,65,7
117.0,776.0,66,7
117.0,776.0,67,7
117.0,776.0,68,7
117.0,776.0,69,7
117.0,776.0,70,7
117.0,776.0,71,7
117.0,776.0,72,7
117.0,776.0,73,7
117.0,776.0,74,7
117.0,776.0,75,7
117.0,776.0,76,7
117.0,776.0,77,7
117.0,776.0,78,7
117.0,776.0,79,7
117.0,776.0,80,7
117.0,776.0,81,7
117.0,776.0,82,7
117.0,776.0,83,7
117.0,776.0,84,7
117.0,776.0,85,7
117.0,776.0,86,7
117.0,776.0,87,7
117.0,776.0,88,7
117.0,776.0,89,7
117.0,776.0,90,7
117.0,776.0,91,7
117.0,776.0,92,7
117.0,776.0,93,7
117.0,776.0,94,7
117.0,776.0,95,7
117.0,776.0,96,7
117.0,776.0,97,7
117.0,776.0,98,7
117.0,776.0,99,7
117.0,776.0,100,7
117.0,776.0,101,7
117.0,776.0,102,7
117.0,776.0,103,7
117.0,776.0,104,7
117.0,776.0,105,7
117.0,776.0,106,7
117.0,776.0,107,7
117.0,776.0,108,7
117.0,776.0,109,7
117.0,776.0,110,7
117.0,776.0,111,7
117.0,776.0,112,7
117.0,776.0,113,7
117.0,776.0,114,7
117.0,776.0,115,7
117.0,776.0,116,7
117.0,776.0,117,7
117.0,776.0,118,7
117.0,776.0,119,7
117.0,776.0,120,7
117.0,776.0,121,7
117.0,776.0,122,7
117.0,776.0,123,7
117.0,776.0,124,7
117.0,776.0,125,7
117.0,776.0,126,7
117.0,776.0,127,7
117.0,776.0,128,7
117.0,776.0,129,7
117.0,776.0,130,7
117.0,776.0,131,7
117.0,776.0,132,7
117.0,776.0,133,7
117.0,776.0,134,7
117.0,776.0,135,7
117.0,776.0,136,7
117.0,776.0,137,7
117.0,776.0,138,7
117.0,776.0,139,7
117.0,776.0,140,7
117.0,776.0,141,7
117.0,776.0,142,7
117.0,776.0,143,7
117.0,776.0,144,7
117.0,776.0,145,7
117.0,776.0,146,7
117.0,776.0,147,7
117.0,776.0,148,7
117.0,776.0,149,7
117.0,776.0,150,7
117.0,776.0,151,7
117.0,776.0,152,7
117.0,776.0,153,7
117.0,776.0,154,7
117.0,776.0,155,7
117.0,776.0,156,7
117.0,776.0,157,7
117.0,776.0,158,7
117.0,776.0,159,7
117.0,776.0,160,7
117.0,776.0,161,7
117.0,776.0,162,7
117.0,776.0,163,7
117.0,776.0,164,7
117.0,776.0,165,7
117.0,776.0,166,7
117.0,776.0,167,7
117.0,776.0,168,7
117.0,776.0,169,7
117.0,776.0,170,7
117.0,776.0,171,7
117.0,776.0,172,7
117.0,776.0,173,7
117.0,776.0,174,7
117.0,776.0,175,7
117.0,776.0,176,7
117.0,776.0,177,7
117.0,776.0,178,7
117.0,776.0,179,7
117.0,776.0,180,7
117.0,776.0,181,7
117.0,776.0,182,7
117.0,776.0,183,7
117.0,776.0,184,7
117.0,776.0,185,7
117.0,776.0,186,7
117.0,776.0,187,7
117.0,776.0,188,7
117.0,776.0,189,7
117.0,776.0,190,7
117.0,776.0,191,7
117.0,776.0,192,7
117.0,776.0,193,7
117.0,776.0,194,7
117.0,776.0,195,7
117.0,776.0,196,7
117.0,776.0,197,7
117.0,776.0,198,7
117.0,776.0,199,7
117.0,776.0,200,7
117.0,776.0,201,7
117.0,776.0,202,7
117.0,776.0,203,7
117.0,776.0,204,7
117.0,776.0,205,7
117.0,776.0,206,7
117.0,776.0,207,7
117.0,776.0,208,7
117.0,776.0,209,7
117.0,776.0,210,7
117.0,776.0,211,7
117.0,776.0,212,7
117.0,776.0,213,7
117.0,776.0,214,7
117.0,776.0,215,7
117.0,776.0,216,7
117.0,776.0,217,7
117.0,776.0,218,7
117.0,776.0,219,7
117.0,776.0,220,7
117.0,776.0,221,7
117.0,776.0,222,7
117.0,776.0,223,7
117.0,776.0,224,7
117.0,776.0,225,7
117.0,776.0,226,7
117.0,776.0,227,7
117.0,776.0,228,7
117.0,776.0,229,7
117.0,776.0,230,7
117.0,776.0,231,7
117.0,776.0,232,7
117.0,776.0,233,7
117.0,776.0,234,7
117.0,776.0,235,7
117.0,776.0,236,7
117.0,776.0,237,7
117.0,776.0,238,7
117.0,776.0,239,7
117.0,776.0,240,7
117.0,776.0,241,7
117.0,776.0,242,7
117.0,776.0,243,7
117.0,776.0,244,7
117.0,776.0,245,7
116.0,776.0,246,7
116.0,776.0,247,7
116.0,776.0,248,7
117.0,776.0,249,7
117.0,776.0,250,7
117.0,776.0,251,7
118.0,776.0,252,7
117.0,776.0,253,7
117.0,776.0,254,7
117.0,776.0,255,7
117.0,776.0,256,7
117.0,776.0,257,7
117.0,776.0,258,7
117.0,776.0,259,7
117.0,776.0,260,7
117.0,776.0,261,7
117.0,776.0,262,7
117.0,776.0,263,7
129.0,43.0,0,8
129.0,43.0,1,8
129.0,43.0,2,8
129.0,43.0,3,8
129.0,43.0,4,8
129.0,43.0,5,8
129.0,43.0,6,8
129.0,43.0,7,8
129.0,43.0,8,8
129.0,43.0,9,8
129.0,43.0,10,8
129.0,43.0,11,8
129.0,43.0,12,8
129.0,43.0,13,8
129.0,43.0,14,8
129.0,43.0,15,8
129.0,43.0,16,8
129.0,43.0,17,8
129.0,43.0,18,8
129.0,43.0,19,8
129.0,43.0,20,8
129.0,43.0,21,8
129.0,43.0,22,8
129.0,43.0,23,8
129.0,43.0,24,8
129.0,43.0,25,8
129.0,43.0,26,8
129.0,43.0,27,8
129.0,43.0,28,8
129.0,43.0,29,8
129.0,43.0,30,8
129.0,43.0,31,8
129.0,43.0,32,8
129.0,43.0,33,8
129.0,43.0,34,8
129.0,43.0,35,8
129.0,43.0,36,8
129.0,43.0,37,8
129.0,43.0,38,8
129.0,43.0,39,8
129.0,43.0,40,8
129.0,43.0,41,8
129.0,43.0,42,8
129.0,43.0,43,8
129.0,43.0,44,8
129.0,43.0,45,8
129.0,43.0,46,8
129.0,43.0,47,8
129.0,43.0,48,8
129.0,43.0,49,8
129.0,43.0,50,8
128.0,43.0,51,8
128.0,43.0,52,8
128.0,43.0,53,8
129.0,43.0,54,8
129.0,43.0,55,8
129.0,43.0,56,8
129.0,43.0,57,8
128.0,44.0,58,8
129.0,43.0,59,8
129.0,43.0,60,8
129.0,43.0,61,8
129.0,43.0,62,8
129.0,43.0,63,8
129.0,43.0,64,8
129.0,43.0,65,8
129.0,43.0,66,8
129.0,43.0,67,8
129.0,43.0,68,8
129.0,43.0,69,8
129.0,43.0,70,8
129.0,43.0,71,8
129.0,43.0,72,8
129.0,43.0,73,8
129.0,43.0,74,8
129.0,43.0,75,8
129.0,43.0,76,8
129.0,43.0,77,8
129.0,43.0,78,8
129.0,43.0,79,8
129.0,43.0,80,8
129.0,43.0,81,8
129.0,43.0,82,8
129.0,43.0,83,8
129.0,43.0,84,8
129.0,43.0,85,8
129.0,43.0,86,8
129.0,43.0,87,8
129.0,43.0,88,8
129.0,43.0,89,8
129.0,43.0,90,8
129.0,43.0,91,8
129.0,43.0,92,8
129.0,43.0,93,8
129.0,43.0,94,8
129.0,43.0,95,8
129.0,43.0,96,8
129.0,43.0,97,8
129.0,43.0,98,8
129.0,43.0,99,8
129.0,43.0,100,8
129.0,43.0,101,8
129.0,43.0,102,8
129.0,43.0,103,8
129.0,43.0,104,8
129.0,43.0,105,8
129.0,43.0,106,8
129.0,43.0,107,8
129.0,43.0,108,8
129.0,43.0,109,8
129.0,43.0,110,8
129.0,43.0,111,8
129.0,43.0,112,8
129.0,43.0,113,8
129.0,43.0,114,8
129.0,43.0,115,8
129.0,43.0,116,8
129.0,43.0,117,8
129.0,43.0,118,8
129.0,43.0,119,8
129.0,43.0,120,8
129.0,43.0,121,8
129.0,43.0,122,8
129.0,43.0,123,8
129.0,43.0,124,8
129.0,43.0,125,8
129.0,43.0,126,8
129.0,43.0,127,8
129.0,43.0,128,8
129.0,43.0,129,8
129.0,43.0,130,8
129.0,43.0,131,8
129.0,43.0,132,8
129.0,43.0,133,8
129.0,43.0,134,8
129.0,43.0,135,8
129.0,43.0,136,8
129.0,43.0,137,8
129.0,43.0,138,8
129.0,43.0,139,8
129.0,43.0,140,8
129.0,43.0,141,8
129.0,43.0,142,8
129.0,43.0,143,8
129.0,43.0,144,8
129.0,43.0,145,8
129.0,43.0,146,8
129.0,43.0,147,8
129.0,43.0,148,8
129.0,43.0,149,8
129.0,43.0,150,8
129.0,43.0,151,8
129.0,43.0,152,8
129.0,43.0,153,8
129.0,43.0,154,8
129.0,43.0,155,8
129.0,43.0,156,8
129.0,43.0,157,8
129.0,43.0,158,8
129.0,43.0,159,8
129.0,44.0,160,8
148.0,754.0,0,9
148.0,754.0,1,9
148.0,754.0,2,9
148.0,754.0,3,9
148.0,754.0,4,9
148.0,754.0,5,9
148.0,754.0,6,9
148.0,754.0,7,9
148.0,754.0,8,9
148.0,754.0,9,9
148.0,754.0,10,9
148.0,754.0,11,9
148.0,754.0,12,9
148.0,754.0,13,9
148.0,754.0,14,9
148.0,754.0,15,9
148.0,754.0,16,9
148.0,754.0,17,9
148.0,754.0,18,9
148.0,754.0,19,9
148.0,754.0,20,9
148.0,754.0,21,9
148.0,754.0,22,9
148.0,754.0,23,9
148.0,754.0,24,9
148.0,754.0,25,9
148.0,754.0,26,9
148.0,754.0,27,9
148.0,754.0,28,9
148.0,754.0,29,9
148.0,754.0,30,9
148.0,754.0,31,9
148.0,754.0,32,9
148.0,754.0,33,9
148.0,754.0,34,9
148.0,754.0,35,9
148.0,754.0,36,9
148.0,754.0,37,9
148.0,754.0,38,9
148.0,754.0,39,9
148.0,754.0,40,9
148.0,754.0,41,9
148.0,754.0,42,9
148.0,754.0,43,9
148.0,754.0,44,9
148.0,754.0,45,9
148.0,754.0,46,9
148.0,754.0,47,9
148.0,754.0,48,9
148.0,754.0,49,9
148.0,754.0,50,9
148.0,754.0,51,9
148.0,754.0,52,9
148.0,754.0,53,9
148.0,754.0,54,9
148.0,754.0,55,9
148.0,754.0,56,9
148.0,754.0,57,9
148.0,754.0,58,9
148.0,754.0,59,9
148.0,754.0,60,9
148.0,754.0,61,9
148.0,754.0,62,9
148.0,754.0,63,9
148.0,754.0,64,9
148.0,754.0,65,9
148.0,754.0,66,9
148.0,754.0,67,9
148.0,754.0,68,9
148.0,754.0,69,9
148.0,754.0,70,9
148.0,754.0,71,9
148.0,754.0,72,9
148.0,754.0,73,9
148.0,754.0,74,9
148.0,754.0,75,9
148.0,754.0,76,9
148.0,754.0,77,9
148.0,754.0,78,9
148.0,754.0,79,9
148.0,754.0,80,9
148.0,754.0,81,9
148.0,754.0,82,9
148.0,754.0,83,9
148.0,754.0,84,9
148.0,754.0,85,9
148.0,754.0,86,9
148.0,754.0,87,9
148.0,754.0,88,9
148.0,754.0,89,9
148.0,754.0,90,9
148.0,754.0,91,9
148.0,754.0,92,9
148.0,754.0,93,9
148.0,754.0,94,9
148.0,754.0,95,9
148.0,754.0,96,9
148.0,754.0,97,9
148.0,754.0,98,9
148.0,754.0,99,9
148.0,754.0,100,9
148.0,754.0,101,9
148.0,754.0,102,9
148.0,754.0,103,9
148.0,754.0,104,9
148.0,754.0,105,9
148.0,754.0,106,9
148.0,754.0,107,9
148.0,754.0,108,9
148.0,754.0,109,9
148.0,754.0,110,9
148.0,754.0,111,9
148.0,754.0,112,9
148.0,754.0,113,9
148.0,754.0,114,9
148.0,754.0,115,9
148.0,754.0,116,9
148.0,754.0,117,9
148.0,754.0,118,9
148.0,754.0,119,9
148.0,754.0,120,9
148.0,754.0,121,9
148.0,754.0,122,9
148.0,754.0,123,9
148.0,754.0,124,9
147.0,755.0,125,9
147.0,755.0,126,9
146.0,754.0,127,9
147.0,755.0,128,9
148.0,754.0,129,9
148.0,754.0,130,9
148.0,754.0,131,9
148.0,754.0,132,9
148.0,754.0,133,9
148.0,755.0,134,9
148.0,755.0,135,9
148.0,755.0,136,9
148.0,755.0,137,9
148.0,756.0,138,9
148.0,756.0,139,9
148.0,755.0,140,9
148.0,755.0,141,9
147.0,755.0,142,9
148.0,754.0,143,9
148.0,754.0,144,9
148.0,754.0,145,9
148.0,754.0,146,9
148.0,754.0,147,9
148.0,754.0,148,9
148.0,754.0,149,9
148.0,754.0,150,9
148.0,754.0,151,9
148.0,754.0,152,9
148.0,754.0,153,9
148.0,754.0,154,9
148.0,754.0,155,9
148.0,754.0,156,9
148.0,754.0,157,9
148.0,754.0,158,9
148.0,754.0,159,9
148.0,754.0,160,9
148.0,754.0,161,9
148.0,754.0,162,9
148.0,754.0,163,9
148.0,754.0,164,9
148.0,754.0,165,9
148.0,754.0,166,9
148.0,754.0,167,9
148.0,754.0,168,9
148.0,754.0,169,9
148.0,754.0,170,9
148.0,754.0,171,9
148.0,754.0,172,9
148.0,754.0,173,9
148.0,754.0,174,9
148.0,754.0,175,9
148.0,754.0,176,9
148.0,754.0,177,9
148.0,754.0,178,9
148.0,754.0,179,9
148.0,754.0,180,9
148.0,754.0,181,9
148.0,754.0,182,9
148.0,754.0,183,9
148.0,754.0,184,9
148.0,754.0,185,9
148.0,754.0,186,9
148.0,754.0,187,9
148.0,754.0,188,9
148.0,754.0,189,9
148.0,754.0,190,9
148.0,754.0,191,9
148.0,754.0,192,9
148.0,754.0,193,9
148.0,754.0,194,9
148.0,754.0,195,9
148.0,754.0,196,9
148.0,754.0,197,9
148.0,754.0,198,9
148.0,754.0,199,9
148.0,754.0,200,9
148.0,754.0,201,9
148.0,754.0,202,9
148.0,754.0,203,9
148.0,754.0,204,9
148.0,754.0,205,9
148.0,754.0,206,9
148.0,754.0,207,9
148.0,754.0,208,9
148.0,754.0,209,9
148.0,754.0,210,9
148.0,754.0,211,9
148.0,754.0,212,9
148.0,754.0,213,9
148.0,754.0,214,9
148.0,754.0,215,9
148.0,754.0,216,9
148.0,754.0,217,9
148.0,754.0,218,9
148.0,754.0,219,9
148.0,754.0,220,9
148.0,754.0,221,9
148.0,754.0,222,9
148.0,754.0,223,9
148.0,754.0,224,9
148.0,754.0,225,9
148.0,754.0,226,9
148.0,754.0,227,9
148.0,754.0,228,9
148.0,754.0,229,9
148.0,754.0,230,9
148.0,754.0,231,9
148.0,754.0,232,9
148.0,754.0,233,9
148.0,754.0,234,9
148.0,754.0,235,9
148.0,754.0,236,9
148.0,754.0,237,9
148.0,754.0,238,9
147.0,755.0,239,9
148.0,754.0,240,9
148.0,754.0,241,9
148.0,754.0,242,9
148.0,754.0,243,9
148.0,754.0,244,9
148.0,754.0,245,9
148.0,754.0,246,9
148.0,754.0,247,9
148.0,754.0,248,9
148.0,754.0,249,9
148.0,754.0,250,9
148.0,754.0,251,9
148.0,754.0,252,9
148.0,754.0,253,9
148.0,754.0,254,9
148.0,754.0,255,9
148.0,754.0,256,9
148.0,754.0,257,9
148.0,754.0,258,9
148.0,754.0,259,9
148.0,754.0,260,9
148.0,754.0,261,9
148.0,754.0,262,9
148.0,754.0,263,9
230.0,818.0,0,10
230.0,818.0,1,10
231.0,818.0,2,10
230.0,818.0,3,10
230.0,818.0,4,10
230.0,818.0,5,10
230.0,818.0,6,10
230.0,818.0,7,10
230.0,818.0,8,10
230.0,818.0,9,10
230.0,818.0,10,10
230.0,818.0,11,10
230.0,818.0,12,10
230.0,818.0,13,10
230.0,818.0,14,10
231.0,818.0,15,10
230.0,818.0,16,10
230.0,818.0,17,10
231.0,818.0,18,10
230.0,818.0,19,10
230.0,818.0,20,10
231.0,818.0,21,10
230.0,818.0,22,10
230.0,818.0,23,10
230.0,818.0,24,10
230.0,818.0,25,10
230.0,818.0,26,10
230.0,818.0,27,10
231.0,818.0,28,10
230.0,818.0,29,10
230.0,818.0,30,10
230.0,818.0,31,10
230.0,818.0,32,10
230.0,818.0,33,10
230.0,818.0,34,10
230.0,818.0,35,10
231.0,818.0,36,10
230.0,818.0,37,10
230.0,818.0,38,10
231.0,818.0,39,10
230.0,818.0,40,10
230.0,818.0,41,10
230.0,818.0,42,10
231.0,818.0,43,10
230.0,818.0,44,10
230.0,818.0,45,10
230.0,818.0,46,10
230.0,818.0,47,10
230.0,818.0,48,10
230.0,818.0,49,10
230.0,818.0,50,10
230.0,818.0,51,10
230.0,818.0,52,10
230.0,818.0,53,10
230.0,818.0,54,10
230.0,818.0,55,10
230.0,818.0,56,10
230.0,818.0,57,10
230.0,818.0,58,10
230.0,818.0,59,10
231.0,818.0,60,10
231.0,818.0,61,10
230.0,818.0,62,10
230.0,818.0,63,10
230.0,818.0,64,10
230.0,818.0,65,10
231.0,818.0,66,10
230.0,818.0,67,10
230.0,818.0,68,10
230.0,818.0,69,10
230.0,818.0,70,10
230.0,818.0,71,10
230.0,818.0,72,10
230.0,818.0,73,10
230.0,818.0,74,10
230.0,818.0,75,10
230.0,818.0,76,10
230.0,818.0,77,10
230.0,818.0,78,10
230.0,818.0,79,10
230.0,818.0,80,10
230.0,818.0,81,10
230.0,818.0,82,10
230.0,818.0,83,10
230.0,818.0,84,10
230.0,818.0,85,10
230.0,818.0,86,10
231.0,818.0,87,10
230.0,818.0,88,10
230.0,818.0,89,10
230.0,818.0,90,10
230.0,818.0,91,10
230.0,818.0,92,10
230.0,818.0,93,10
230.0,818.0,94,10
230.0,818.0,95,10
230.0,818.0,96,10
230.0,818.0,97,10
230.0,818.0,98,10
230.0,818.0,99,10
230.0,818.0,100,10
230.0,818.0,101,10
230.0,818.0,102,10
230.0,818.0,103,10
230.0,818.0,104,10
230.0,818.0,105,10
230.0,818.0,106,10
230.0,818.0,107,10
231.0,818.0,108,10
230.0,818.0,109,10
230.0,818.0,110,10
230.0,818.0,111,10
230.0,818.0,112,10
230.0,818.0,113,10
230.0,818.0,114,10
230.0,818.0,115,10
230.0,818.0,116,10
230.0,818.0,117,10
230.0,818.0,118,10
230.0,818.0,119,10
230.0,818.0,120,10
230.0,818.0,121,10
230.0,818.0,122,10
230.0,818.0,123,10
230.0,818.0,124,10
231.0,818.0,125,10
231.0,818.0,126,10
230.0,818.0,127,10
230.0,818.0,128,10
230.0,818.0,129,10
230.0,818.0,130,10
230.0,818.0,131,10
230.0,818.0,132,10
230.0,818.0,133,10
230.0,818.0,134,10
230.0,818.0,135,10
230.0,818.0,136,10
231.0,818.0,137,10
230.0,818.0,138,10
230.0,818.0,139,10
230.0,818.0,140,10
230.0,818.0,141,10
230.0,818.0,142,10
230.0,818.0,143,10
231.0,818.0,144,10
230.0,818.0,145,10
230.0,818.0,146,10
229.0,818.0,147,10
231.0,818.0,148,10
230.0,818.0,149,10
230.0,818.0,150,10
230.0,818.0,151,10
231.0,818.0,152,10
230.0,818.0,153,10
230.0,818.0,154,10
231.0,818.0,155,10
230.0,818.0,156,10
230.0,818.0,157,10
230.0,818.0,158,10
231.0,818.0,159,10
231.0,818.0,160,10
230.0,818.0,161,10
231.0,818.0,162,10
230.0,818.0,163,10
230.0,818.0,164,10
230.0,818.0,165,10
230.0,818.0,166,10
231.0,818.0,167,10
230.0,818.0,168,10
230.0,818.0,169,10
230.0,818.0,170,10
230.0,818.0,171,10
230.0,818.0,172,10
230.0,818.0,173,10
230.0,818.0,174,10
230.0,818.0,175,10
230.0,818.0,176,10
230.0,818.0,177,10
230.0,818.0,178,10
230.0,818.0,179,10
230.0,818.0,180,10
230.0,818.0,181,10
230.0,818.0,182,10
230.0,818.0,183,10
230.0,818.0,184,10
230.0,818.0,185,10
230.0,818.0,186,10
230.0,818.0,187,10
230.0,818.0,188,10
230.0,818.0,189,10
231.0,818.0,190,10
230.0,818.0,191,10
231.0,818.0,192,10
230.0,818.0,193,10
230.0,818.0,194,10
230.0,818.0,195,10
230.0,818.0,196,10
230.0,818.0,197,10
230.0,818.0,198,10
230.0,818.0,199,10
230.0,818.0,200,10
230.0,818.0,201,10
231.0,818.0,202,10
230.0,818.0,203,10
230.0,818.0,204,10
230.0,818.0,205,10
230.0,818.0,206,10
230.0,818.0,207,10
231.0,818.0,208,10
230.0,818.0,209,10
230.0,818.0,210,10
230.0,818.0,211,10
230.0,818.0,212,10
230.0,818.0,213,10
230.0,818.0,214,10
230.0,818.0,215,10
230.0,818.0,216,10
230.0,818.0,217,10
231.0,818.0,218,10
230.0,818.0,219,10
230.0,818.0,220,10
230.0,818.0,221,10
230.0,818.0,222,10
230.0,818.0,223,10
230.0,818.0,224,10
231.0,818.0,225,10
230.0,818.0,226,10
230.0,818.0,227,10
231.0,818.0,228,10
230.0,818.0,229,10
230.0,818.0,230,10
230.0,818.0,231,10
230.0,818.0,232,10
230.0,818.0,233,10
230.0,818.0,234,10
230.0,818.0,235,10
230.0,818.0,236,10
230.0,818.0,237,10
230.0,818.0,238,10
230.0,818.0,239,10
230.0,818.0,240,10
230.0,818.0,241,10
230.0,818.0,242,10
230.0,818.0,243,10
230.0,818.0,244,10
230.0,818.0,245,10
230.0,818.0,246,10
230.0,818.0,247,10
230.0,818.0,248,10
230.0,818.0,249,10
230.0,818.0,250,10
230.0,818.0,251,10
230.0,818.0,252,10
230.0,818.0,253,10
230.0,818.0,254,10
230.0,818.0,255,10
230.0,818.0,256,10
230.0,818.0,257,10
230.0,818.0,258,10
230.0,818.0,259,10
230.0,818.0,260,10
231.0,818.0,261,10
230.0,818.0,262,10
231.0,818.0,263,10
239.0,824.0,0,11
239.0,824.0,1,11
239.0,825.0,2,11
239.0,824.0,3,11
239.0,824.0,4,11
239.0,824.0,5,11
239.0,824.0,6,11
239.0,824.0,7,11
239.0,824.0,8,11
239.0,824.0,9,11
239.0,824.0,10,11
239.0,824.0,11,11
239.0,825.0,12,11
239.0,824.0,13,11
238.0,824.0,14,11
239.0,824.0,15,11
239.0,825.0,16,11
239.0,825.0,17,11
239.0,824.0,18,11
238.0,824.0,19,11
239.0,824.0,20,11
239.0,824.0,21,11
239.0,824.0,22,11
239.0,825.0,23,11
239.0,825.0,24,11
239.0,824.0,25,11
239.0,824.0,26,11
239.0,824.0,27,11
239.0,825.0,28,11
239.0,824.0,29,11
239.0,824.0,30,11
239.0,824.0,31,11
239.0,824.0,32,11
238.0,824.0,33,11
239.0,825.0,34,11
239.0,824.0,35,11
239.0,825.0,36,11
239.0,824.0,37,11
239.0,824.0,38,11
239.0,824.0,39,11
239.0,824.0,40,11
239.0,824.0,41,11
239.0,824.0,42,11
239.0,824.0,43,11
239.0,825.0,44,11
239.0,824.0,45,11
239.0,824.0,46,11
239.0,824.0,47,11
239.0,824.0,48,11
238.0,824.0,49,11
239.0,824.0,50,11
239.0,824.0,51,11
239.0,824.0,52,11
239.0,824.0,53,11
239.0,824.0,54,11
239.0,824.0,55,11
239.0,824.0,56,11
239.0,824.0,57,11
239.0,824.0,58,11
239.0,824.0,59,11
239.0,824.0,60,11
239.0,824.0,61,11
239.0,824.0,62,11
239.0,824.0,63,11
239.0,824.0,64,11
239.0,824.0,65,11
239.0,824.0,66,11
239.0,824.0,67,11
239.0,824.0,68,11
239.0,824.0,69,11
239.0,824.0,70,11
239.0,824.0,71,11
239.0,824.0,72,11
239.0,824.0,73,11
239.0,824.0,74,11
239.0,824.0,75,11
239.0,824.0,76,11
239.0,824.0,77,11
239.0,825.0,78,11
239.0,824.0,79,11
239.0,824.0,80,11
239.0,824.0,81,11
239.0,824.0,82,11
239.0,824.0,83,11
239.0,824.0,84,11
239.0,824.0,85,11
239.0,824.0,86,11
239.0,824.0,87,11
239.0,824.0,88,11
239.0,824.0,89,11
239.0,824.0,90,11
239.0,824.0,91,11
239.0,824.0,92,11
239.0,825.0,93,11
239.0,824.0,94,11
239.0,824.0,95,11
239.0,824.0,96,11
239.0,824.0,97,11
239.0,824.0,98,11
239.0,825.0,99,11
239.0,824.0,100,11
239.0,824.0,101,11
239.0,824.0,102,11
239.0,824.0,103,11
240.0,825.0,104,11
239.0,822.0,105,11
239.0,824.0,106,11
239.0,824.0,107,11
239.0,824.0,108,11
239.0,825.0,109,11
239.0,825.0,110,11
239.0,825.0,111,11
239.0,824.0,112,11
239.0,824.0,113,11
239.0,825.0,114,11
239.0,824.0,115,11
239.0,825.0,116,11
239.0,824.0,117,11
239.0,824.0,118,11
239.0,824.0,119,11
238.0,824.0,120,11
239.0,824.0,121,11
239.0,824.0,122,11
239.0,824.0,123,11
239.0,825.0,124,11
239.0,824.0,125,11
239.0,824.0,126,11
239.0,824.0,127,11
239.0,824.0,128,11
239.0,824.0,129,11
239.0,825.0,130,11
239.0,824.0,131,11
238.0,824.0,132,11
239.0,824.0,133,11
239.0,824.0,134,11
239.0,824.0,135,11
239.0,825.0,136,11
239.0,824.0,137,11
239.0,824.0,138,11
239.0,824.0,139,11
239.0,824.0,140,11
239.0,824.0,141,11
239.0,824.0,142,11
239.0,824.0,143,11
239.0,824.0,144,11
239.0,824.0,145,11
239.0,824.0,146,11
239.0,824.0,147,11
239.0,824.0,148,11
239.0,824.0,149,11
239.0,824.0,150,11
239.0,824.0,151,11
239.0,824.0,152,11
239.0,824.0,153,11
239.0,824.0,154,11
239.0,824.0,155,11
239.0,824.0,156,11
239.0,824.0,157,11
239.0,824.0,158,11
239.0,824.0,159,11
239.0,824.0,160,11
239.0,824.0,161,11
239.0,824.0,162,11
239.0,824.0,163,11
239.0,824.0,164,11
239.0,824.0,165,11
239.0,824.0,166,11
239.0,824.0,167,11
239.0,824.0,168,11
239.0,824.0,169,11
239.0,824.0,170,11
239.0,824.0,171,11
238.0,824.0,172,11
239.0,824.0,173,11
239.0,824.0,174,11
239.0,824.0,175,11
239.0,824.0,176,11
239.0,824.0,177,11
239.0,824.0,178,11
239.0,825.0,179,11
239.0,824.0,180,11
239.0,824.0,181,11
239.0,824.0,182,11
239.0,824.0,183,11
239.0,825.0,184,11
239.0,824.0,185,11
239.0,824.0,186,11
239.0,824.0,187,11
239.0,824.0,188,11
239.0,824.0,189,11
239.0,824.0,190,11
239.0,824.0,191,11
239.0,824.0,192,11
239.0,824.0,193,11
239.0,824.0,194,11
239.0,824.0,195,11
239.0,824.0,196,11
239.0,824.0,197,11
239.0,824.0,198,11
239.0,824.0,199,11
239.0,824.0,200,11
239.0,824.0,201,11
239.0,824.0,202,11
239.0,824.0,203,11
239.0,824.0,204,11
239.0,824.0,205,11
239.0,825.0,206,11
239.0,824.0,207,11
239.0,825.0,208,11
239.0,824.0,209,11
239.0,825.0,210,11
239.0,824.0,211,11
238.0,824.0,212,11
239.0,824.0,213,11
239.0,825.0,214,11
239.0,825.0,215,11
239.0,824.0,216,11
239.0,824.0,217,11
239.0,824.0,218,11
238.0,824.0,219,11
239.0,825.0,220,11
239.0,825.0,221,11
239.0,824.0,222,11
239.0,824.0,223,11
239.0,824.0,224,11
239.0,824.0,225,11
239.0,824.0,226,11
239.0,824.0,227,11
239.0,824.0,228,11
239.0,824.0,229,11
239.0,824.0,230,11
239.0,824.0,231,11
239.0,825.0,232,11
239.0,824.0,233,11
239.0,824.0,234,11
239.0,824.0,235,11
239.0,825.0,236,11
239.0,824.0,237,11
239.0,824.0,238,11
239.0,824.0,239,11
239.0,824.0,240,11
239.0,825.0,241,11
239.0,824.0,242,11
239.0,824.0,243,11
239.0,824.0,244,11
238.0,824.0,245,11
239.0,824.0,246,11
239.0,824.0,247,11
239.0,824.0,248,11
238.0,824.0,249,11
239.0,824.0,250,11
239.0,825.0,251,11
239.0,824.0,252,11
239.0,825.0,253,11
239.0,824.0,254,11
238.0,824.0,255,11
239.0,824.0,256,11
239.0,824.0,257,11
239.0,824.0,258,11
239.0,824.0,259,11
239.0,825.0,260,11
239.0,824.0,261,11
239.0,824.0,262,11
239.0,824.0,263,11
258.0,154.0,0,12
258.0,154.0,1,12
258.0,154.0,2,12
258.0,154.0,3,12
258.0,154.0,4,12
258.0,154.0,5,12
258.0,154.0,6,12
258.0,154.0,7,12
258.0,154.0,8,12
258.0,154.0,9,12
258.0,154.0,10,12
258.0,154.0,11,12
258.0,154.0,12,12
258.0,154.0,13,12
258.0,154.0,14,12
258.0,154.0,15,12
259.0,154.0,16,12
259.0,154.0,17,12
260.0,154.0,18,12
260.0,154.0,19,12
259.0,154.0,20,12
259.0,154.0,21,12
259.0,154.0,22,12
259.0,154.0,23,12
259.0,154.0,24,12
259.0,154.0,25,12
259.0,154.0,26,12
259.0,154.0,27,12
259.0,154.0,28,12
259.0,154.0,29,12
259.0,154.0,30,12
259.0,154.0,31,12
258.0,154.0,32,12
258.0,154.0,33,12
258.0,154.0,34,12
258.0,154.0,35,12
258.0,154.0,36,12
258.0,154.0,37,12
258.0,154.0,38,12
258.0,154.0,39,12
258.0,154.0,40,12
258.0,154.0,41,12
258.0,154.0,42,12
258.0,154.0,43,12
258.0,154.0,44,12
258.0,154.0,45,12
258.0,154.0,46,12
258.0,154.0,47,12
258.0,154.0,48,12
258.0,154.0,49,12
258.0,154.0,50,12
258.0,154.0,51,12
258.0,154.0,52,12
258.0,154.0,53,12
258.0,154.0,54,12
258.0,154.0,55,12
258.0,154.0,56,12
258.0,154.0,57,12
258.0,154.0,58,12
258.0,154.0,59,12
258.0,154.0,60,12
258.0,154.0,61,12
258.0,154.0,62,12
258.0,154.0,63,12
258.0,154.0,64,12
258.0,154.0,65,12
258.0,154.0,66,12
258.0,154.0,67,12
258.0,154.0,68,12
258.0,154.0,69,12
258.0,154.0,70,12
258.0,154.0,71,12
258.0,154.0,72,12
258.0,154.0,73,12
258.0,155.0,74,12
258.0,155.0,75,12
258.0,154.0,76,12
258.0,154.0,77,12
258.0,154.0,78,12
258.0,154.0,79,12
258.0,154.0,80,12
258.0,155.0,81,12
258.0,155.0,82,12
258.0,155.0,83,12
258.0,154.0,84,12
258.0,154.0,85,12
258.0,154.0,86,12
258.0,154.0,87,12
258.0,154.0,88,12
258.0,154.0,89,12
258.0,154.0,90,12
258.0,154.0,91,12
258.0,154.0,92,12
258.0,154.0,93,12
258.0,154.0,94,12
258.0,154.0,95,12
258.0,154.0,96,12
258.0,154.0,97,12
258.0,154.0,98,12
258.0,154.0,99,12
258.0,154.0,100,12
258.0,154.0,101,12
258.0,154.0,102,12
258.0,154.0,103,12
258.0,154.0,104,12
258.0,154.0,105,12
258.0,154.0,106,12
258.0,154.0,107,12
258.0,154.0,108,12
258.0,154.0,109,12
258.0,154.0,110,12
258.0,154.0,111,12
258.0,154.0,112,12
258.0,154.0,113,12
258.0,154.0,114,12
258.0,154.0,115,12
258.0,154.0,116,12
258.0,155.0,117,12
258.0,155.0,118,12
258.0,155.0,119,12
258.0,156.0,120,12
258.0,155.0,121,12
258.0,154.0,122,12
258.0,155.0,123,12
258.0,154.0,124,12
258.0,155.0,125,12
258.0,154.0,126,12
258.0,154.0,127,12
258.0,154.0,128,12
258.0,154.0,129,12
258.0,154.0,130,12
258.0,154.0,131,12
258.0,154.0,132,12
258.0,154.0,133,12
258.0,154.0,134,12
258.0,154.0,135,12
258.0,154.0,136,12
258.0,154.0,137,12
258.0,154.0,138,12
258.0,154.0,139,12
258.0,154.0,140,12
258.0,154.0,141,12
258.0,155.0,142,12
258.0,155.0,143,12
259.0,155.0,144,12
259.0,155.0,145,12
258.0,154.0,146,12
258.0,154.0,147,12
258.0,154.0,148,12
258.0,154.0,149,12
258.0,154.0,150,12
259.0,154.0,151,12
258.0,154.0,152,12
258.0,154.0,153,12
258.0,154.0,154,12
258.0,154.0,155,12
258.0,154.0,156,12
258.0,154.0,157,12
258.0,154.0,158,12
258.0,154.0,159,12
258.0,154.0,160,12
258.0,155.0,161,12
258.0,154.0,162,12
258.0,156.0,163,12
259.0,156.0,164,12
259.0,155.0,165,12
259.0,155.0,166,12
258.0,154.0,167,12
258.0,154.0,168,12
258.0,154.0,169,12
258.0,154.0,170,12
258.0,154.0,171,12
258.0,154.0,172,12
259.0,155.0,173,12
259.0,155.0,174,12
258.0,155.0,175,12
258.0,155.0,176,12
258.0,154.0,177,12
258.0,155.0,178,12
258.0,154.0,179,12
258.0,154.0,180,12
258.0,154.0,181,12
258.0,154.0,182,12
258.0,154.0,183,12
259.0,155.0,184,12
260.0,154.0,185,12
258.0,154.0,186,12
258.0,154.0,187,12
258.0,154.0,188,12
258.0,154.0,189,12
258.0,154.0,190,12
258.0,154.0,191,12
258.0,154.0,192,12
258.0,154.0,193,12
258.0,154.0,194,12
258.0,154.0,195,12
258.0,154.0,196,12
258.0,154.0,197,12
258.0,154.0,198,12
258.0,154.0,199,12
258.0,154.0,200,12
258.0,154.0,201,12
258.0,154.0,202,12
258.0,154.0,203,12
258.0,154.0,204,12
258.0,154.0,205,12
258.0,154.0,206,12
258.0,154.0,207,12
258.0,154.0,208,12
258.0,154.0,209,12
258.0,154.0,210,12
258.0,154.0,211,12
258.0,154.0,212,12
258.0,154.0,213,12
258.0,154.0,214,12
258.0,154.0,215,12
258.0,154.0,216,12
258.0,154.0,217,12
258.0,154.0,218,12
258.0,154.0,219,12
258.0,154.0,220,12
258.0,154.0,221,12
258.0,154.0,222,12
258.0,154.0,223,12
258.0,154.0,224,12
258.0,154.0,225,12
258.0,154.0,226,12
258.0,154.0,227,12
258.0,154.0,228,12
258.0,154.0,229,12
258.0,154.0,230,12
258.0,154.0,231,12
258.0,154.0,232,12
258.0,154.0,233,12
258.0,154.0,234,12
258.0,154.0,235,12
258.0,154.0,236,12
258.0,154.0,237,12
258.0,154.0,238,12
258.0,155.0,239,12
258.0,154.0,240,12
258.0,154.0,241,12
258.0,154.0,242,12
258.0,154.0,243,12
258.0,154.0,244,12
258.0,154.0,245,12
258.0,154.0,246,12
258.0,154.0,247,12
258.0,154.0,248,12
258.0,154.0,249,12
258.0,154.0,250,12
258.0,154.0,251,12
258.0,154.0,252,12
258.0,154.0,253,12
258.0,154.0,254,12
258.0,154.0,255,12
258.0,154.0,256,12
258.0,154.0,257,12
258.0,154.0,258,12
258.0,154.0,259,12
258.0,154.0,260,12
258.0,154.0,261,12
258.0,155.0,262,12
258.0,154.0,263,12
263.0,676.0,0,13
263.0,676.0,1,13
263.0,676.0,2,13
263.0,676.0,3,13
263.0,676.0,4,13
263.0,676.0,5,13
263.0,676.0,6,13
263.0,676.0,7,13
263.0,676.0,8,13
263.0,676.0,9,13
263.0,676.0,10,13
263.0,676.0,11,13
263.0,676.0,12,13
263.0,676.0,13,13
263.0,676.0,14,13
263.0,676.0,15,13
263.0,676.0,16,13
263.0,676.0,17,13
263.0,676.0,18,13
263.0,676.0,19,13
263.0,676.0,20,13
263.0,676.0,21,13
263.0,676.0,22,13
263.0,676.0,23,13
263.0,676.0,24,13
263.0,676.0,25,13
263.0,676.0,26,13
263.0,676.0,27,13
263.0,676.0,28,13
263.0,676.0,29,13
263.0,676.0,30,13
263.0,676.0,31,13
263.0,676.0,32,13
263.0,676.0,33,13
263.0,676.0,34,13
263.0,676.0,35,13
263.0,676.0,36,13
263.0,676.0,37,13
263.0,676.0,38,13
263.0,676.0,39,13
263.0,676.0,40,13
263.0,676.0,41,13
263.0,676.0,42,13
263.0,676.0,43,13
263.0,676.0,44,13
263.0,676.0,45,13
263.0,676.0,46,13
263.0,676.0,47,13
263.0,676.0,48,13
263.0,676.0,49,13
263.0,676.0,50,13
263.0,676.0,51,13
263.0,676.0,52,13
263.0,676.0,53,13
263.0,676.0,54,13
263.0,676.0,55,13
263.0,676.0,56,13
263.0,676.0,57,13
263.0,676.0,58,13
263.0,676.0,59,13
263.0,676.0,60,13
263.0,676.0,61,13
263.0,676.0,62,13
263.0,676.0,63,13
263.0,676.0,64,13
263.0,676.0,65,13
263.0,676.0,66,13
263.0,676.0,67,13
263.0,676.0,68,13
263.0,676.0,69,13
263.0,676.0,70,13
263.0,676.0,71,13
263.0,676.0,72,13
263.0,676.0,73,13
263.0,676.0,74,13
263.0,676.0,75,13
263.0,676.0,76,13
263.0,676.0,77,13
263.0,676.0,78,13
263.0,676.0,79,13
263.0,676.0,80,13
263.0,676.0,81,13
263.0,676.0,82,13
263.0,676.0,83,13
263.0,676.0,84,13
263.0,676.0,85,13
263.0,676.0,86,13
263.0,676.0,87,13
263.0,676.0,88,13
263.0,676.0,89,13
263.0,676.0,90,13
263.0,676.0,91,13
263.0,676.0,92,13
263.0,676.0,93,13
263.0,676.0,94,13
263.0,676.0,95,13
263.0,676.0,96,13
263.0,676.0,97,13
263.0,676.0,98,13
263.0,676.0,99,13
263.0,676.0,100,13
263.0,676.0,101,13
263.0,676.0,102,13
263.0,676.0,103,13
263.0,676.0,104,13
263.0,676.0,105,13
263.0,676.0,106,13
263.0,676.0,107,13
263.0,676.0,108,13
263.0,676.0,109,13
263.0,676.0,110,13
263.0,676.0,111,13
263.0,676.0,112,13
263.0,676.0,113,13
263.0,676.0,114,13
263.0,676.0,115,13
263.0,676.0,116,13
263.0,676.0,117,13
263.0,676.0,118,13
263.0,676.0,119,13
263.0,676.0,120,13
263.0,676.0,121,13
263.0,676.0,122,13
263.0,676.0,123,13
263.0,676.0,124,13
263.0,676.0,125,13
263.0,676.0,126,13
263.0,676.0,127,13
263.0,676.0,128,13
263.0,676.0,129,13
263.0,676.0,130,13
263.0,676.0,131,13
263.0,676.0,132,13
263.0,676.0,133,13
263.0,676.0,134,13
263.0,676.0,135,13
263.0,676.0,136,13
263.0,676.0,137,13
263.0,676.0,138,13
263.0,676.0,139,13
263.0,676.0,140,13
263.0,676.0,141,13
263.0,676.0,142,13
263.0,676.0,143,13
263.0,676.0,144,13
263.0,676.0,145,13
263.0,676.0,146,13
263.0,676.0,147,13
263.0,676.0,148,13
263.0,676.0,149,13
263.0,676.0,150,13
263.0,676.0,151,13
263.0,676.0,152,13
263.0,676.0,153,13
263.0,676.0,154,13
263.0,676.0,155,13
263.0,676.0,156,13
263.0,676.0,157,13
263.0,676.0,158,13
263.0,676.0,159,13
263.0,676.0,160,13
263.0,676.0,161,13
263.0,676.0,162,13
263.0,676.0,163,13
263.0,676.0,164,13
263.0,676.0,165,13
263.0,676.0,166,13
263.0,676.0,167,13
263.0,676.0,168,13
263.0,676.0,169,13
263.0,676.0,170,13
263.0,676.0,171,13
263.0,676.0,172,13
263.0,676.0,173,13
263.0,676.0,174,13
263.0,676.0,175,13
263.0,676.0,176,13
263.0,676.0,177,13
263.0,676.0,178,13
263.0,676.0,179,13
263.0,676.0,180,13
263.0,676.0,181,13
263.0,676.0,182,13
263.0,676.0,183,13
263.0,676.0,184,13
263.0,676.0,185,13
263.0,676.0,186,13
263.0,676.0,187,13
263.0,676.0,188,13
263.0,676.0,189,13
263.0,676.0,190,13
263.0,676.0,191,13
263.0,676.0,192,13
263.0,676.0,193,13
263.0,676.0,194,13
263.0,676.0,195,13
263.0,676.0,196,13
263.0,676.0,197,13
263.0,676.0,198,13
263.0,676.0,199,13
263.0,676.0,200,13
263.0,676.0,201,13
263.0,676.0,202,13
263.0,676.0,203,13
263.0,676.0,204,13
263.0,676.0,205,13
263.0,676.0,206,13
263.0,676.0,207,13
263.0,676.0,208,13
263.0,676.0,209,13
263.0,676.0,210,13
263.0,676.0,211,13
263.0,676.0,212,13
263.0,676.0,213,13
263.0,676.0,214,13
263.0,676.0,215,13
263.0,676.0,216,13
263.0,676.0,217,13
263.0,676.0,218,13
263.0,676.0,219,13
263.0,676.0,220,13
263.0,676.0,221,13
263.0,676.0,222,13
263.0,676.0,223,13
263.0,676.0,224,13
263.0,676.0,225,13
263.0,676.0,226,13
263.0,676.0,227,13
263.0,676.0,228,13
263.0,676.0,229,13
263.0,676.0,230,13
263.0,676.0,231,13
263.0,676.0,232,13
263.0,676.0,233,13
263.0,676.0,234,13
263.0,676.0,235,13
263.0,676.0,236,13
263.0,676.0,237,13
263.0,676.0,238,13
263.0,676.0,239,13
263.0,676.0,240,13
263.0,676.0,241,13
263.0,676.0,242,13
263.0,676.0,243,13
263.0,676.0,244,13
263.0,676.0,245,13
263.0,676.0,246,13
263.0,676.0,247,13
263.0,676.0,248,13
263.0,676.0,249,13
263.0,676.0,250,13
263.0,676.0,251,13
263.0,676.0,252,13
263.0,676.0,253,13
263.0,676.0,254,13
263.0,676.0,255,13
263.0,676.0,256,13
263.0,676.0,257,13
263.0,676.0,258,13
263.0,676.0,259,13
263.0,676.0,260,13
263.0,676.0,261,13
263.0,676.0,262,13
263.0,676.0,263,13
289.0,686.0,0,14
289.0,686.0,1,14
289.0,686.0,2,14
289.0,686.0,3,14
289.0,686.0,4,14
289.0,686.0,5,14
289.0,686.0,6,14
289.0,686.0,7,14
289.0,686.0,8,14
289.0,686.0,9,14
289.0,686.0,10,14
289.0,686.0,11,14
289.0,686.0,12,14
289.0,686.0,13,14
289.0,686.0,14,14
289.0,686.0,15,14
289.0,686.0,16,14
289.0,686.0,17,14
290.0,684.0,18,14
290.0,684.0,19,14
289.0,684.0,20,14
290.0,684.0,21,14
289.0,684.0,22,14
289.0,684.0,23,14
290.0,684.0,24,14
289.0,684.0,25,14
289.0,684.0,26,14
290.0,684.0,27,14
290.0,684.0,28,14
289.0,684.0,29,14
289.0,684.0,30,14
290.0,684.0,31,14
289.0,684.0,32,14
289.0,684.0,33,14
289.0,684.0,34,14
289.0,684.0,35,14
289.0,684.0,36,14
290.0,684.0,37,14
290.0,684.0,38,14
290.0,684.0,39,14
290.0,683.0,40,14
290.0,683.0,41,14
290.0,683.0,42,14
290.0,683.0,43,14
290.0,683.0,44,14
290.0,684.0,45,14
290.0,684.0,46,14
290.0,684.0,47,14
290.0,684.0,48,14
290.0,684.0,49,14
289.0,684.0,50,14
290.0,684.0,51,14
289.0,685.0,52,14
289.0,685.0,53,14
289.0,685.0,54,14
289.0,685.0,55,14
289.0,685.0,56,14
289.0,685.0,57,14
289.0,685.0,58,14
289.0,685.0,59,14
289.0,685.0,60,14
289.0,684.0,61,14
289.0,684.0,62,14
290.0,684.0,63,14
290.0,684.0,64,14
290.0,683.0,65,14
290.0,683.0,66,14
290.0,682.0,67,14
290.0,684.0,68,14
290.0,684.0,69,14
290.0,684.0,70,14
290.0,684.0,71,14
290.0,684.0,72,14
290.0,684.0,73,14
289.0,684.0,74,14
289.0,684.0,75,14
289.0,684.0,76,14
289.0,684.0,77,14
290.0,684.0,78,14
289.0,686.0,79,14
289.0,686.0,80,14
289.0,686.0,81,14
289.0,686.0,82,14
289.0,686.0,83,14
289.0,686.0,84,14
289.0,686.0,85,14
289.0,686.0,86,14
289.0,686.0,87,14
289.0,686.0,88,14
289.0,686.0,89,14
289.0,686.0,90,14
289.0,686.0,91,14
289.0,686.0,92,14
289.0,686.0,93,14
289.0,686.0,94,14
289.0,686.0,95,14
289.0,686.0,96,14
289.0,686.0,97,14
289.0,686.0,98,14
289.0,686.0,99,14
289.0,686.0,100,14
289.0,686.0,101,14
289.0,686.0,102,14
289.0,686.0,103,14
289.0,686.0,104,14
289.0,686.0,105,14
289.0,686.0,106,14
289.0,686.0,107,14
289.0,686.0,108,14
289.0,686.0,109,14
289.0,686.0,110,14
289.0,686.0,111,14
289.0,686.0,112,14
289.0,686.0,113,14
289.0,686.0,114,14
289.0,686.0,115,14
289.0,686.0,116,14
289.0,686.0,117,14
289.0,686.0,118,14
289.0,686.0,119,14
289.0,686.0,120,14
289.0,686.0,121,14
289.0,686.0,122,14
289.0,686.0,123,14
289.0,686.0,124,14
289.0,686.0,125,14
289.0,686.0,126,14
289.0,686.0,127,14
289.0,686.0,128,14
289.0,686.0,129,14
289.0,686.0,130,14
288.0,686.0,131,14
289.0,686.0,132,14
289.0,686.0,133,14
289.0,686.0,134,14
289.0,686.0,135,14
289.0,686.0,136,14
289.0,686.0,137,14
289.0,686.0,138,14
289.0,686.0,139,14
289.0,686.0,140,14
289.0,686.0,141,14
289.0,686.0,142,14
289.0,686.0,143,14
289.0,686.0,144,14
289.0,686.0,145,14
289.0,686.0,146,14
289.0,686.0,147,14
289.0,686.0,148,14
289.0,686.0,149,14
289.0,686.0,150,14
289.0,686.0,151,14
289.0,686.0,152,14
289.0,686.0,153,14
289.0,686.0,154,14
289.0,686.0,155,14
289.0,686.0,156,14
289.0,686.0,157,14
289.0,686.0,158,14
289.0,686.0,159,14
289.0,686.0,160,14
289.0,686.0,161,14
289.0,686.0,162,14
289.0,686.0,163,14
289.0,686.0,164,14
289.0,686.0,165,14
289.0,686.0,166,14
289.0,686.0,167,14
289.0,686.0,168,14
289.0,686.0,169,14
289.0,686.0,170,14
289.0,686.0,171,14
289.0,686.0,172,14
288.0,686.0,173,14
289.0,686.0,174,14
289.0,685.0,175,14
289.0,686.0,176,14
289.0,686.0,177,14
289.0,686.0,178,14
289.0,686.0,179,14
289.0,686.0,180,14
289.0,686.0,181,14
289.0,686.0,182,14
289.0,686.0,183,14
289.0,686.0,184,14
289.0,686.0,185,14
289.0,686.0,186,14
289.0,686.0,187,14
289.0,686.0,188,14
289.0,686.0,189,14
289.0,686.0,190,14
289.0,686.0,191,14
289.0,686.0,192,14
289.0,686.0,193,14
289.0,686.0,194,14
289.0,686.0,195,14
289.0,686.0,196,14
289.0,686.0,197,14
289.0,686.0,198,14
289.0,686.0,199,14
289.0,686.0,200,14
289.0,686.0,201,14
289.0,686.0,202,14
289.0,686.0,203,14
289.0,686.0,204,14
289.0,686.0,205,14
289.0,686.0,206,14
289.0,686.0,207,14
289.0,686.0,208,14
289.0,686.0,209,14
289.0,686.0,210,14
289.0,686.0,211,14
289.0,686.0,212,14
289.0,686.0,213,14
289.0,686.0,214,14
289.0,686.0,215,14
289.0,686.0,216,14
289.0,686.0,217,14
289.0,686.0,218,14
289.0,686.0,219,14
289.0,686.0,220,14
289.0,686.0,221,14
289.0,686.0,222,14
289.0,686.0,223,14
289.0,686.0,224,14
289.0,686.0,225,14
289.0,686.0,226,14
289.0,686.0,227,14
289.0,686.0,228,14
289.0,686.0,229,14
289.0,686.0,230,14
289.0,686.0,231,14
289.0,686.0,232,14
290.0,686.0,233,14
290.0,686.0,234,14
290.0,686.0,235,14
289.0,686.0,236,14
289.0,686.0,237,14
289.0,686.0,238,14
289.0,686.0,239,14
289.0,686.0,240,14
290.0,686.0,241,14
289.0,686.0,242,14
289.0,686.0,243,14
289.0,686.0,244,14
290.0,686.0,245,14
290.0,686.0,246,14
290.0,684.0,247,14
290.0,684.0,248,14
290.0,683.0,249,14
290.0,684.0,250,14
290.0,684.0,251,14
290.0,684.0,252,14
290.0,684.0,253,14
290.0,684.0,254,14
290.0,684.0,255,14
290.0,683.0,256,14
290.0,683.0,257,14
290.0,684.0,258,14
290.0,684.0,259,14
290.0,684.0,260,14
290.0,684.0,261,14
290.0,684.0,262,14
290.0,684.0,263,14
294.0,164.0,0,15
294.0,164.0,1,15
294.0,164.0,2,15
295.0,163.0,3,15
295.0,164.0,4,15
295.0,163.0,5,15
295.0,164.0,6,15
295.0,164.0,7,15
295.0,163.0,8,15
294.0,164.0,9,15
294.0,164.0,10,15
295.0,163.0,11,15
295.0,164.0,12,15
295.0,164.0,13,15
294.0,164.0,14,15
294.0,164.0,15,15
295.0,163.0,16,15
295.0,164.0,17,15
294.0,164.0,18,15
294.0,164.0,19,15
294.0,164.0,20,15
295.0,164.0,21,15
295.0,164.0,22,15
295.0,163.0,23,15
294.0,164.0,24,15
295.0,163.0,25,15
295.0,164.0,26,15
295.0,163.0,27,15
294.0,164.0,28,15
294.0,164.0,29,15
294.0,164.0,30,15
294.0,164.0,31,15
295.0,164.0,32,15
295.0,163.0,33,15
295.0,164.0,34,15
295.0,164.0,35,15
295.0,164.0,36,15
294.0,164.0,37,15
295.0,163.0,38,15
295.0,164.0,39,15
294.0,164.0,40,15
294.0,164.0,41,15
295.0,164.0,42,15
295.0,164.0,43,15
295.0,164.0,44,15
295.0,163.0,45,15
295.0,164.0,46,15
295.0,164.0,47,15
295.0,164.0,48,15
294.0,164.0,49,15
294.0,164.0,50,15
295.0,164.0,51,15
295.0,164.0,52,15
295.0,163.0,53,15
294.0,164.0,54,15
295.0,163.0,55,15
295.0,164.0,56,15
294.0,164.0,57,15
295.0,164.0,58,15
295.0,164.0,59,15
295.0,163.0,60,15
294.0,164.0,61,15
295.0,163.0,62,15
294.0,164.0,63,15
294.0,164.0,64,15
294.0,164.0,65,15
295.0,164.0,66,15
295.0,163.0,67,15
295.0,164.0,68,15
295.0,164.0,69,15
294.0,164.0,70,15
294.0,164.0,71,15
295.0,164.0,72,15
295.0,163.0,73,15
295.0,164.0,74,15
295.0,164.0,75,15
295.0,163.0,76,15
295.0,164.0,77,15
294.0,164.0,78,15
294.0,164.0,79,15
295.0,164.0,80,15
295.0,164.0,81,15
294.0,164.0,82,15
295.0,164.0,83,15
294.0,164.0,84,15
295.0,164.0,85,15
295.0,164.0,86,15
295.0,164.0,87,15
295.0,163.0,88,15
295.0,164.0,89,15
295.0,163.0,90,15
295.0,163.0,91,15
295.0,164.0,92,15
295.0,164.0,93,15
295.0,163.0,94,15
294.0,164.0,95,15
295.0,164.0,96,15
294.0,164.0,97,15
294.0,164.0,98,15
295.0,163.0,99,15
295.0,164.0,100,15
295.0,164.0,101,15
295.0,164.0,102,15
295.0,163.0,103,15
294.0,164.0,104,15
295.0,164.0,105,15
295.0,164.0,106,15
295.0,164.0,107,15
295.0,163.0,108,15
295.0,163.0,109,15
294.0,164.0,110,15
295.0,164.0,111,15
295.0,164.0,112,15
294.0,164.0,113,15
294.0,164.0,114,15
295.0,164.0,115,15
295.0,163.0,116,15
295.0,163.0,117,15
294.0,164.0,118,15
295.0,164.0,119,15
295.0,163.0,120,15
295.0,164.0,121,15
295.0,164.0,122,15
295.0,164.0,123,15
294.0,164.0,124,15
295.0,163.0,125,15
295.0,164.0,126,15
294.0,164.0,127,15
295.0,164.0,128,15
294.0,164.0,129,15
295.0,163.0,130,15
294.0,164.0,131,15
295.0,163.0,132,15
295.0,164.0,133,15
294.0,164.0,134,15
295.0,163.0,135,15
295.0,164.0,136,15
295.0,164.0,137,15
295.0,164.0,138,15
295.0,164.0,139,15
295.0,164.0,140,15
295.0,163.0,141,15
295.0,163.0,142,15
295.0,163.0,143,15
295.0,164.0,144,15
295.0,164.0,145,15
295.0,163.0,146,15
295.0,163.0,147,15
295.0,163.0,148,15
295.0,164.0,149,15
295.0,164.0,150,15
295.0,163.0,151,15
295.0,164.0,152,15
295.0,164.0,153,15
294.0,164.0,154,15
295.0,163.0,155,15
295.0,164.0,156,15
294.0,164.0,157,15
295.0,163.0,158,15
295.0,164.0,159,15
295.0,164.0,160,15
294.0,164.0,161,15
295.0,163.0,162,15
294.0,162.0,163,15
295.0,164.0,164,15
295.0,164.0,165,15
295.0,164.0,166,15
295.0,164.0,167,15
295.0,164.0,168,15
295.0,163.0,169,15
295.0,164.0,170,15
294.0,164.0,171,15
295.0,163.0,172,15
294.0,164.0,173,15
295.0,164.0,174,15
294.0,164.0,175,15
294.0,164.0,176,15
294.0,164.0,177,15
294.0,164.0,178,15
295.0,164.0,179,15
295.0,164.0,180,15
294.0,164.0,181,15
294.0,164.0,182,15
295.0,163.0,183,15
295.0,163.0,184,15
295.0,164.0,185,15
295.0,163.0,186,15
295.0,163.0,187,15
295.0,164.0,188,15
294.0,164.0,189,15
294.0,164.0,190,15
294.0,164.0,191,15
294.0,164.0,192,15
295.0,164.0,193,15
295.0,164.0,194,15
295.0,164.0,195,15
295.0,164.0,196,15
295.0,164.0,197,15
294.0,164.0,198,15
295.0,163.0,199,15
295.0,163.0,200,15
295.0,163.0,201,15
295.0,164.0,202,15
295.0,164.0,203,15
295.0,163.0,204,15
295.0,164.0,205,15
294.0,164.0,206,15
294.0,164.0,207,15
295.0,164.0,208,15
294.0,164.0,209,15
294.0,164.0,210,15
295.0,164.0,211,15
295.0,164.0,212,15
295.0,164.0,213,15
295.0,164.0,214,15
295.0,164.0,215,15
295.0,163.0,216,15
295.0,164.0,217,15
295.0,163.0,218,15
294.0,164.0,219,15
295.0,164.0,220,15
294.0,164.0,221,15
295.0,164.0,222,15
295.0,163.0,223,15
294.0,164.0,224,15
294.0,164.0,225,15
295.0,164.0,226,15
295.0,163.0,227,15
294.0,164.0,228,15
295.0,164.0,229,15
295.0,163.0,230,15
295.0,164.0,231,15
295.0,164.0,232,15
295.0,164.0,233,15
295.0,164.0,234,15
295.0,164.0,235,15
295.0,164.0,236,15
294.0,164.0,237,15
295.0,163.0,238,15
295.0,164.0,239,15
294.0,164.0,240,15
294.0,164.0,241,15
295.0,164.0,242,15
295.0,164.0,243,15
294.0,164.0,244,15
295.0,163.0,245,15
295.0,164.0,246,15
295.0,164.0,247,15
295.0,164.0,248,15
295.0,163.0,249,15
295.0,164.0,250,15
294.0,164.0,251,15
295.0,164.0,252,15
294.0,164.0,253,15
294.0,164.0,254,15
294.0,164.0,255,15
295.0,163.0,256,15
294.0,164.0,257,15
295.0,164.0,258,15
295.0,163.0,259,15
294.0,164.0,260,15
295.0,163.0,261,15
295.0,164.0,262,15
295.0,163.0,263,15
333.0,630.0,0,16
333.0,630.0,1,16
333.0,630.0,2,16
333.0,630.0,3,16
333.0,630.0,4,16
333.0,630.0,5,16
333.0,630.0,6,16
333.0,630.0,7,16
333.0,630.0,8,16
333.0,630.0,9,16
333.0,630.0,10,16
333.0,630.0,11,16
333.0,630.0,12,16
333.0,630.0,13,16
333.0,630.0,14,16
333.0,630.0,15,16
333.0,630.0,16,16
333.0,630.0,17,16
333.0,630.0,18,16
333.0,630.0,19,16
333.0,630.0,20,16
333.0,630.0,21,16
333.0,630.0,22,16
333.0,630.0,23,16
333.0,630.0,24,16
333.0,630.0,25,16
333.0,630.0,26,16
333.0,630.0,27,16
333.0,630.0,28,16
333.0,630.0,29,16
333.0,630.0,30,16
333.0,630.0,31,16
333.0,630.0,32,16
333.0,630.0,33,16
333.0,630.0,34,16
333.0,630.0,35,16
333.0,630.0,36,16
333.0,630.0,37,16
333.0,630.0,38,16
333.0,630.0,39,16
333.0,630.0,40,16
333.0,630.0,41,16
333.0,630.0,42,16
333.0,630.0,43,16
333.0,630.0,44,16
333.0,630.0,45,16
333.0,630.0,46,16
333.0,630.0,47,16
333.0,630.0,48,16
333.0,630.0,49,16
333.0,630.0,50,16
333.0,630.0,51,16
333.0,630.0,52,16
333.0,630.0,53,16
333.0,630.0,54,16
333.0,630.0,55,16
333.0,630.0,56,16
333.0,630.0,57,16
333.0,630.0,58,16
333.0,630.0,59,16
333.0,630.0,60,16
333.0,630.0,61,16
333.0,630.0,62,16
333.0,630.0,63,16
333.0,630.0,64,16
333.0,630.0,65,16
333.0,630.0,66,16
333.0,630.0,67,16
333.0,630.0,68,16
333.0,630.0,69,16
333.0,630.0,70,16
333.0,630.0,71,16
333.0,630.0,72,16
333.0,630.0,73,16
333.0,630.0,74,16
333.0,630.0,75,16
333.0,630.0,76,16
333.0,630.0,77,16
333.0,630.0,78,16
333.0,630.0,79,16
333.0,630.0,80,16
333.0,630.0,81,16
333.0,630.0,82,16
333.0,630.0,83,16
333.0,630.0,84,16
333.0,630.0,85,16
333.0,630.0,86,16
333.0,630.0,87,16
333.0,630.0,88,16
333.0,630.0,89,16
333.0,630.0,90,16
333.0,630.0,91,16
333.0,630.0,92,16
333.0,630.0,93,16
333.0,630.0,94,16
333.0,630.0,95,16
333.0,630.0,96,16
333.0,630.0,97,16
333.0,630.0,98,16
333.0,630.0,99,16
333.0,630.0,100,16
333.0,630.0,101,16
333.0,630.0,102,16
333.0,630.0,103,16
333.0,630.0,104,16
333.0,630.0,105,16
333.0,630.0,106,16
333.0,630.0,107,16
333.0,630.0,108,16
333.0,630.0,109,16
333.0,630.0,110,16
333.0,630.0,111,16
333.0,630.0,112,16
333.0,630.0,113,16
333.0,630.0,114,16
333.0,630.0,115,16
333.0,630.0,116,16
333.0,630.0,117,16
333.0,630.0,118,16
333.0,630.0,119,16
333.0,630.0,120,16
333.0,630.0,121,16
333.0,630.0,122,16
333.0,630.0,123,16
333.0,630.0,124,16
333.0,630.0,125,16
333.0,630.0,126,16
333.0,630.0,127,16
333.0,630.0,128,16
333.0,630.0,129,16
333.0,630.0,130,16
333.0,630.0,131,16
333.0,630.0,132,16
333.0,630.0,133,16
333.0,630.0,134,16
333.0,630.0,135,16
333.0,630.0,136,16
333.0,630.0,137,16
333.0,630.0,138,16
333.0,630.0,139,16
333.0,630.0,140,16
333.0,630.0,141,16
333.0,630.0,142,16
333.0,630.0,143,16
333.0,630.0,144,16
333.0,630.0,145,16
333.0,630.0,146,16
333.0,630.0,147,16
333.0,630.0,148,16
333.0,630.0,149,16
333.0,630.0,150,16
333.0,630.0,151,16
333.0,630.0,152,16
333.0,630.0,153,16
333.0,630.0,154,16
333.0,630.0,155,16
333.0,630.0,156,16
333.0,630.0,157,16
333.0,630.0,158,16
333.0,630.0,159,16
333.0,630.0,160,16
333.0,630.0,161,16
333.0,630.0,162,16
333.0,630.0,163,16
333.0,630.0,164,16
333.0,630.0,165,16
333.0,630.0,166,16
333.0,630.0,167,16
333.0,630.0,168,16
333.0,630.0,169,16
333.0,630.0,170,16
333.0,630.0,171,16
333.0,630.0,172,16
333.0,630.0,173,16
333.0,630.0,174,16
333.0,630.0,175,16
333.0,630.0,176,16
333.0,630.0,177,16
333.0,630.0,178,16
333.0,630.0,179,16
333.0,630.0,180,16
333.0,630.0,181,16
333.0,630.0,182,16
333.0,630.0,183,16
333.0,630.0,184,16
333.0,630.0,185,16
333.0,630.0,186,16
333.0,630.0,187,16
333.0,630.0,188,16
333.0,630.0,189,16
333.0,630.0,190,16
333.0,630.0,191,16
333.0,630.0,192,16
333.0,630.0,193,16
333.0,630.0,194,16
333.0,630.0,195,16
333.0,630.0,196,16
333.0,630.0,197,16
333.0,630.0,198,16
333.0,630.0,199,16
333.0,630.0,200,16
333.0,630.0,201,16
333.0,630.0,202,16
333.0,630.0,203,16
333.0,630.0,204,16
333.0,630.0,205,16
333.0,630.0,206,16
333.0,630.0,207,16
333.0,630.0,208,16
333.0,630.0,209,16
333.0,630.0,210,16
333.0,630.0,211,16
333.0,630.0,212,16
333.0,630.0,213,16
333.0,630.0,214,16
333.0,630.0,215,16
333.0,630.0,216,16
333.0,630.0,217,16
333.0,630.0,218,16
333.0,630.0,219,16
333.0,630.0,220,16
333.0,630.0,221,16
333.0,630.0,222,16
333.0,630.0,223,16
333.0,630.0,224,16
333.0,630.0,225,16
333.0,630.0,226,16
333.0,630.0,227,16
333.0,630.0,228,16
333.0,630.0,229,16
333.0,630.0,230,16
333.0,630.0,231,16
333.0,630.0,232,16
333.0,630.0,233,16
333.0,630.0,234,16
333.0,630.0,235,16
333.0,630.0,236,16
333.0,630.0,237,16
333.0,630.0,238,16
333.0,630.0,239,16
333.0,630.0,240,16
333.0,630.0,241,16
333.0,630.0,242,16
333.0,630.0,243,16
333.0,630.0,244,16
333.0,630.0,245,16
333.0,630.0,246,16
333.0,630.0,247,16
333.0,630.0,248,16
333.0,630.0,249,16
333.0,630.0,250,16
333.0,630.0,251,16
333.0,630.0,252,16
333.0,630.0,253,16
333.0,630.0,254,16
333.0,630.0,255,16
333.0,630.0,256,16
333.0,630.0,257,16
333.0,630.0,258,16
333.0,630.0,259,16
333.0,630.0,260,16
333.0,630.0,261,16
333.0,630.0,262,16
333.0,630.0,263,16
359.0,792.0,0,17
359.0,792.0,1,17
359.0,792.0,2,17
359.0,792.0,3,17
359.0,792.0,4,17
359.0,792.0,5,17
359.0,792.0,6,17
359.0,792.0,7,17
359.0,792.0,8,17
359.0,792.0,9,17
359.0,792.0,10,17
359.0,792.0,11,17
359.0,792.0,12,17
359.0,792.0,13,17
359.0,792.0,14,17
359.0,792.0,15,17
359.0,792.0,16,17
359.0,792.0,17,17
359.0,792.0,18,17
359.0,792.0,19,17
359.0,792.0,20,17
359.0,792.0,21,17
359.0,792.0,22,17
359.0,792.0,23,17
359.0,792.0,24,17
359.0,792.0,25,17
359.0,792.0,26,17
359.0,792.0,27,17
358.0,792.0,28,17
358.0,792.0,29,17
359.0,792.0,30,17
359.0,792.0,31,17
359.0,792.0,32,17
359.0,792.0,33,17
359.0,792.0,34,17
359.0,792.0,35,17
359.0,792.0,36,17
359.0,792.0,37,17
359.0,792.0,38,17
359.0,792.0,39,17
359.0,792.0,40,17
359.0,792.0,41,17
359.0,792.0,42,17
359.0,792.0,43,17
359.0,792.0,44,17
359.0,792.0,45,17
359.0,792.0,46,17
358.0,792.0,47,17
358.0,792.0,48,17
358.0,792.0,49,17
358.0,792.0,50,17
359.0,792.0,51,17
359.0,792.0,52,17
358.0,792.0,53,17
358.0,792.0,54,17
358.0,792.0,55,17
359.0,792.0,56,17
359.0,792.0,57,17
358.0,792.0,58,17
359.0,792.0,59,17
358.0,792.0,60,17
358.0,792.0,61,17
359.0,792.0,62,17
359.0,792.0,63,17
358.0,792.0,64,17
358.0,792.0,65,17
359.0,792.0,66,17
358.0,792.0,67,17
359.0,792.0,68,17
359.0,792.0,69,17
359.0,792.0,70,17
359.0,792.0,71,17
359.0,792.0,72,17
359.0,792.0,73,17
359.0,792.0,74,17
359.0,792.0,75,17
359.0,792.0,76,17
359.0,792.0,77,17
359.0,792.0,78,17
359.0,792.0,79,17
359.0,792.0,80,17
358.0,792.0,81,17
359.0,792.0,82,17
358.0,792.0,83,17
358.0,792.0,84,17
359.0,792.0,85,17
359.0,792.0,86,17
359.0,792.0,87,17
358.0,792.0,88,17
359.0,793.0,89,17
359.0,792.0,90,17
359.0,792.0,91,17
359.0,792.0,92,17
359.0,792.0,93,17
359.0,792.0,94,17
358.0,792.0,95,17
358.0,792.0,96,17
359.0,792.0,97,17
358.0,792.0,98,17
358.0,792.0,99,17
359.0,792.0,100,17
358.0,792.0,101,17
359.0,793.0,102,17
358.0,792.0,103,17
359.0,792.0,104,17
359.0,792.0,105,17
358.0,792.0,106,17
359.0,793.0,107,17
359.0,792.0,108,17
359.0,792.0,109,17
358.0,792.0,110,17
359.0,792.0,111,17
359.0,792.0,112,17
359.0,792.0,113,17
359.0,792.0,114,17
359.0,792.0,115,17
359.0,792.0,116,17
359.0,792.0,117,17
358.0,792.0,118,17
358.0,792.0,119,17
360.0,793.0,120,17
358.0,791.0,121,17
359.0,792.0,122,17
359.0,793.0,123,17
359.0,793.0,124,17
358.0,792.0,125,17
359.0,792.0,126,17
358.0,792.0,127,17
359.0,792.0,128,17
359.0,793.0,129,17
359.0,792.0,130,17
360.0,791.0,131,17
359.0,792.0,132,17
359.0,791.0,133,17
359.0,792.0,134,17
359.0,792.0,135,17
359.0,792.0,136,17
359.0,792.0,137,17
358.0,792.0,138,17
359.0,792.0,139,17
359.0,792.0,140,17
359.0,792.0,141,17
358.0,792.0,142,17
359.0,792.0,143,17
359.0,792.0,144,17
359.0,792.0,145,17
358.0,792.0,146,17
358.0,792.0,147,17
359.0,792.0,148,17
359.0,792.0,149,17
359.0,792.0,150,17
359.0,792.0,151,17
359.0,792.0,152,17
358.0,792.0,153,17
359.0,793.0,154,17
359.0,793.0,155,17
358.0,792.0,156,17
358.0,792.0,157,17
358.0,792.0,158,17
358.0,792.0,159,17
358.0,792.0,160,17
359.0,792.0,161,17
358.0,792.0,162,17
359.0,793.0,163,17
358.0,792.0,164,17
359.0,793.0,165,17
358.0,792.0,166,17
358.0,792.0,167,17
359.0,793.0,168,17
359.0,793.0,169,17
359.0,793.0,170,17
358.0,792.0,171,17
359.0,793.0,172,17
359.0,793.0,173,17
358.0,792.0,174,17
359.0,792.0,175,17
358.0,792.0,176,17
359.0,792.0,177,17
359.0,792.0,178,17
359.0,793.0,179,17
359.0,793.0,180,17
359.0,793.0,181,17
358.0,792.0,182,17
359.0,793.0,183,17
359.0,793.0,184,17
358.0,792.0,185,17
358.0,792.0,186,17
358.0,792.0,187,17
358.0,792.0,188,17
359.0,793.0,189,17
359.0,793.0,190,17
358.0,792.0,191,17
358.0,792.0,192,17
359.0,792.0,193,17
358.0,792.0,194,17
358.0,792.0,195,17
358.0,792.0,196,17
358.0,792.0,197,17
359.0,793.0,198,17
359.0,793.0,199,17
359.0,793.0,200,17
359.0,793.0,201,17
358.0,792.0,202,17
359.0,792.0,203,17
358.0,792.0,204,17
358.0,792.0,205,17
359.0,792.0,206,17
359.0,792.0,207,17
359.0,792.0,208,17
359.0,792.0,209,17
358.0,792.0,210,17
359.0,793.0,211,17
358.0,792.0,212,17
358.0,792.0,213,17
359.0,792.0,214,17
359.0,792.0,215,17
358.0,792.0,216,17
358.0,792.0,217,17
359.0,792.0,218,17
359.0,792.0,219,17
359.0,792.0,220,17
359.0,792.0,221,17
359.0,793.0,222,17
359.0,793.0,223,17
358.0,792.0,224,17
358.0,792.0,225,17
359.0,793.0,226,17
359.0,792.0,227,17
359.0,792.0,228,17
358.0,792.0,229,17
358.0,792.0,230,17
359.0,793.0,231,17
358.0,792.0,232,17
359.0,792.0,233,17
358.0,792.0,234,17
358.0,792.0,235,17
358.0,792.0,236,17
359.0,792.0,237,17
359.0,793.0,238,17
358.0,792.0,239,17
358.0,792.0,240,17
358.0,792.0,241,17
358.0,792.0,242,17
358.0,792.0,243,17
358.0,792.0,244,17
358.0,792.0,245,17
358.0,792.0,246,17
359.0,793.0,247,17
359.0,793.0,248,17
358.0,792.0,249,17
359.0,792.0,250,17
359.0,792.0,251,17
359.0,792.0,252,17
359.0,792.0,253,17
359.0,792.0,254,17
359.0,793.0,255,17
359.0,793.0,256,17
359.0,792.0,257,17
358.0,792.0,258,17
358.0,792.0,259,17
359.0,792.0,260,17
359.0,792.0,261,17
359.0,791.0,262,17
359.0,791.0,263,17
441.0,914.0,0,18
441.0,914.0,1,18
442.0,915.0,2,18
441.0,914.0,3,18
442.0,914.0,4,18
442.0,915.0,5,18
442.0,914.0,6,18
442.0,914.0,7,18
442.0,914.0,8,18
442.0,914.0,9,18
442.0,914.0,10,18
442.0,914.0,11,18
442.0,914.0,12,18
442.0,912.0,13,18
442.0,913.0,14,18
442.0,913.0,15,18
442.0,913.0,16,18
441.0,912.0,17,18
443.0,913.0,18,18
442.0,912.0,19,18
441.0,912.0,20,18
442.0,913.0,21,18
442.0,913.0,22,18
442.0,912.0,23,18
442.0,912.0,24,18
442.0,913.0,25,18
441.0,912.0,26,18
442.0,912.0,27,18
442.0,912.0,28,18
442.0,912.0,29,18
442.0,912.0,30,18
442.0,912.0,31,18
442.0,912.0,32,18
442.0,912.0,33,18
442.0,912.0,34,18
442.0,911.0,35,18
442.0,912.0,36,18
442.0,911.0,37,18
442.0,911.0,38,18
442.0,912.0,39,18
442.0,911.0,40,18
442.0,911.0,41,18
441.0,910.0,42,18
442.0,911.0,43,18
442.0,911.0,44,18
442.0,911.0,45,18
442.0,911.0,46,18
442.0,911.0,47,18
443.0,911.0,48,18
442.0,910.0,49,18
442.0,910.0,50,18
442.0,910.0,51,18
442.0,910.0,52,18
442.0,910.0,53,18
442.0,910.0,54,18
442.0,910.0,55,18
442.0,910.0,56,18
442.0,910.0,57,18
442.0,910.0,58,18
442.0,910.0,59,18
443.0,910.0,60,18
442.0,909.0,61,18
442.0,909.0,62,18
442.0,909.0,63,18
443.0,909.0,64,18
443.0,909.0,65,18
443.0,909.0,66,18
443.0,909.0,67,18
443.0,909.0,68,18
443.0,909.0,69,18
443.0,909.0,70,18
443.0,908.0,71,18
443.0,908.0,72,18
443.0,908.0,73,18
443.0,908.0,74,18
444.0,908.0,75,18
443.0,908.0,76,18
443.0,908.0,77,18
443.0,907.0,78,18
443.0,907.0,79,18
443.0,907.0,80,18
443.0,907.0,81,18
444.0,907.0,82,18
444.0,907.0,83,18
443.0,906.0,84,18
443.0,906.0,85,18
443.0,907.0,86,18
443.0,906.0,87,18
443.0,906.0,88,18
443.0,906.0,89,18
443.0,906.0,90,18
442.0,905.0,91,18
443.0,906.0,92,18
442.0,905.0,93,18
442.0,905.0,94,18
443.0,906.0,95,18
441.0,904.0,96,18
443.0,906.0,97,18
442.0,906.0,98,18
443.0,906.0,99,18
442.0,905.0,100,18
442.0,905.0,101,18
442.0,906.0,102,18
442.0,905.0,103,18
443.0,906.0,104,18
442.0,905.0,105,18
442.0,905.0,106,18
442.0,905.0,107,18
442.0,905.0,108,18
442.0,905.0,109,18
442.0,905.0,110,18
443.0,906.0,111,18
443.0,906.0,112,18
442.0,905.0,113,18
442.0,905.0,114,18
442.0,905.0,115,18
442.0,905.0,116,18
443.0,905.0,117,18
442.0,906.0,118,18
442.0,905.0,119,18
442.0,905.0,120,18
443.0,905.0,121,18
442.0,905.0,122,18
443.0,905.0,123,18
443.0,905.0,124,18
443.0,905.0,125,18
442.0,905.0,126,18
442.0,905.0,127,18
443.0,905.0,128,18
442.0,905.0,129,18
442.0,905.0,130,18
442.0,904.0,131,18
443.0,905.0,132,18
442.0,904.0,133,18
442.0,904.0,134,18
442.0,904.0,135,18
442.0,904.0,136,18
442.0,904.0,137,18
442.0,904.0,138,18
442.0,904.0,139,18
442.0,904.0,140,18
442.0,903.0,141,18
442.0,903.0,142,18
442.0,903.0,143,18
442.0,903.0,144,18
442.0,903.0,145,18
442.0,903.0,146,18
441.0,903.0,147,18
442.0,903.0,148,18
442.0,903.0,149,18
442.0,903.0,150,18
442.0,903.0,151,18
443.0,903.0,152,18
442.0,903.0,153,18
442.0,902.0,154,18
442.0,902.0,155,18
442.0,902.0,156,18
442.0,902.0,157,18
442.0,902.0,158,18
442.0,901.0,159,18
442.0,902.0,160,18
443.0,902.0,161,18
442.0,902.0,162,18
442.0,902.0,163,18
443.0,902.0,164,18
442.0,902.0,165,18
443.0,902.0,166,18
443.0,902.0,167,18
443.0,902.0,168,18
442.0,902.0,169,18
443.0,901.0,170,18
443.0,901.0,171,18
443.0,901.0,172,18
443.0,902.0,173,18
442.0,902.0,174,18
443.0,901.0,175,18
443.0,901.0,176,18
443.0,901.0,177,18
443.0,901.0,178,18
443.0,901.0,179,18
443.0,901.0,180,18
443.0,901.0,181,18
443.0,901.0,182,18
443.0,901.0,183,18
443.0,901.0,184,18
443.0,900.0,185,18
443.0,900.0,186,18
443.0,900.0,187,18
443.0,900.0,188,18
443.0,900.0,189,18
443.0,900.0,190,18
443.0,900.0,191,18
443.0,899.0,192,18
443.0,900.0,193,18
444.0,900.0,194,18
444.0,900.0,195,18
443.0,900.0,196,18
444.0,900.0,197,18
443.0,899.0,198,18
444.0,899.0,199,18
443.0,899.0,200,18
443.0,899.0,201,18
443.0,899.0,202,18
443.0,899.0,203,18
443.0,899.0,204,18
443.0,899.0,205,18
443.0,899.0,206,18
443.0,898.0,207,18
443.0,898.0,208,18
443.0,898.0,209,18
444.0,898.0,210,18
444.0,898.0,211,18
443.0,898.0,212,18
443.0,898.0,213,18
444.0,898.0,214,18
444.0,898.0,215,18
444.0,897.0,216,18
444.0,898.0,217,18
443.0,898.0,218,18
444.0,898.0,219,18
443.0,898.0,220,18
443.0,897.0,221,18
444.0,897.0,222,18
443.0,897.0,223,18
444.0,896.0,224,18
444.0,896.0,225,18
443.0,895.0,226,18
444.0,895.0,227,18
444.0,896.0,228,18
444.0,895.0,229,18
445.0,894.0,230,18
445.0,894.0,231,18
445.0,895.0,232,18
445.0,894.0,233,18
445.0,894.0,234,18
445.0,894.0,235,18
446.0,893.0,236,18
446.0,893.0,237,18
446.0,893.0,238,18
446.0,893.0,239,18
446.0,893.0,240,18
445.0,893.0,241,18
445.0,893.0,242,18
444.0,893.0,243,18
444.0,893.0,244,18
444.0,893.0,245,18
443.0,891.0,246,18
444.0,893.0,247,18
444.0,894.0,248,18
444.0,893.0,249,18
445.0,893.0,250,18
444.0,892.0,251,18
444.0,893.0,252,18
444.0,892.0,253,18
446.0,893.0,254,18
445.0,893.0,255,18
445.0,893.0,256,18
445.0,892.0,257,18
444.0,892.0,258,18
445.0,893.0,259,18
445.0,893.0,260,18
445.0,892.0,261,18
445.0,892.0,262,18
445.0,892.0,263,18
461.0,245.0,0,19
461.0,245.0,1,19
461.0,245.0,2,19
461.0,245.0,3,19
461.0,245.0,4,19
461.0,245.0,5,19
461.0,245.0,6,19
461.0,245.0,7,19
461.0,245.0,8,19
461.0,245.0,9,19
461.0,245.0,10,19
461.0,245.0,11,19
461.0,245.0,12,19
461.0,245.0,13,19
461.0,245.0,14,19
461.0,245.0,15,19
461.0,245.0,16,19
461.0,245.0,17,19
461.0,245.0,18,19
461.0,245.0,19,19
461.0,245.0,20,19
461.0,245.0,21,19
461.0,245.0,22,19
461.0,245.0,23,19
461.0,245.0,24,19
461.0,245.0,25,19
461.0,245.0,26,19
461.0,245.0,27,19
461.0,245.0,28,19
461.0,245.0,29,19
461.0,245.0,30,19
461.0,245.0,31,19
461.0,245.0,32,19
461.0,245.0,33,19
461.0,245.0,34,19
461.0,245.0,35,19
461.0,245.0,36,19
461.0,245.0,37,19
461.0,245.0,38,19
461.0,245.0,39,19
462.0,246.0,40,19
461.0,245.0,41,19
461.0,245.0,42,19
461.0,245.0,43,19
461.0,245.0,44,19
461.0,245.0,45,19
461.0,245.0,46,19
461.0,245.0,47,19
461.0,245.0,48,19
461.0,245.0,49,19
461.0,245.0,50,19
461.0,245.0,51,19
461.0,245.0,52,19
461.0,245.0,53,19
461.0,245.0,54,19
461.0,245.0,55,19
461.0,245.0,56,19
461.0,245.0,57,19
461.0,245.0,58,19
461.0,245.0,59,19
462.0,246.0,60,19
462.0,245.0,61,19
461.0,245.0,62,19
461.0,245.0,63,19
461.0,245.0,64,19
462.0,246.0,65,19
461.0,245.0,66,19
461.0,245.0,67,19
462.0,246.0,68,19
461.0,245.0,69,19
462.0,246.0,70,19
461.0,245.0,71,19
461.0,245.0,72,19
461.0,245.0,73,19
462.0,246.0,74,19
461.0,245.0,75,19
461.0,245.0,76,19
461.0,245.0,77,19
461.0,245.0,78,19
461.0,245.0,79,19
461.0,245.0,80,19
461.0,245.0,81,19
461.0,245.0,82,19
461.0,245.0,83,19
461.0,245.0,84,19
462.0,246.0,85,19
461.0,245.0,86,19
461.0,245.0,87,19
461.0,245.0,88,19
461.0,245.0,89,19
461.0,245.0,90,19
462.0,246.0,91,19
461.0,245.0,92,19
462.0,246.0,93,19
461.0,245.0,94,19
462.0,246.0,95,19
461.0,245.0,96,19
461.0,245.0,97,19
461.0,245.0,98,19
461.0,245.0,99,19
461.0,245.0,100,19
461.0,245.0,101,19
461.0,245.0,102,19
462.0,246.0,103,19
461.0,245.0,104,19
461.0,245.0,105,19
462.0,246.0,106,19
461.0,245.0,107,19
462.0,246.0,108,19
461.0,245.0,109,19
462.0,246.0,110,19
461.0,245.0,111,19
461.0,245.0,112,19
461.0,245.0,113,19
461.0,245.0,114,19
461.0,245.0,115,19
462.0,246.0,116,19
461.0,245.0,117,19
461.0,245.0,118,19
461.0,245.0,119,19
462.0,246.0,120,19
461.0,245.0,121,19
462.0,246.0,122,19
461.0,245.0,123,19
462.0,246.0,124,19
461.0,245.0,125,19
461.0,245.0,126,19
461.0,245.0,127,19
461.0,245.0,128,19
461.0,245.0,129,19
461.0,245.0,130,19
461.0,245.0,131,19
461.0,245.0,132,19
461.0,245.0,133,19
461.0,245.0,134,19
461.0,245.0,135,19
461.0,245.0,136,19
461.0,245.0,137,19
462.0,246.0,138,19
461.0,245.0,139,19
461.0,245.0,140,19
461.0,245.0,141,19
462.0,246.0,142,19
461.0,245.0,143,19
461.0,245.0,144,19
461.0,245.0,145,19
462.0,246.0,146,19
461.0,245.0,147,19
461.0,245.0,148,19
461.0,245.0,149,19
461.0,245.0,150,19
461.0,245.0,151,19
461.0,245.0,152,19
461.0,245.0,153,19
461.0,245.0,154,19
461.0,245.0,155,19
461.0,245.0,156,19
461.0,245.0,157,19
462.0,246.0,158,19
461.0,245.0,159,19
461.0,245.0,160,19
461.0,245.0,161,19
461.0,245.0,162,19
461.0,245.0,163,19
461.0,245.0,164,19
462.0,246.0,165,19
461.0,245.0,166,19
461.0,245.0,167,19
461.0,245.0,168,19
462.0,246.0,169,19
461.0,245.0,170,19
461.0,245.0,171,19
461.0,245.0,172,19
462.0,246.0,173,19
462.0,246.0,174,19
461.0,245.0,175,19
461.0,245.0,176,19
461.0,245.0,177,19
461.0,245.0,178,19
461.0,245.0,179,19
461.0,245.0,180,19
461.0,245.0,181,19
461.0,245.0,182,19
461.0,245.0,183,19
461.0,245.0,184,19
462.0,246.0,185,19
461.0,245.0,186,19
461.0,245.0,187,19
461.0,245.0,188,19
461.0,245.0,189,19
461.0,245.0,190,19
461.0,245.0,191,19
461.0,245.0,192,19
461.0,245.0,193,19
461.0,245.0,194,19
461.0,245.0,195,19
461.0,245.0,196,19
461.0,245.0,197,19
461.0,245.0,198,19
462.0,246.0,199,19
462.0,246.0,200,19
461.0,245.0,201,19
462.0,246.0,202,19
462.0,246.0,203,19
461.0,245.0,204,19
461.0,245.0,205,19
461.0,245.0,206,19
461.0,245.0,207,19
461.0,245.0,208,19
461.0,245.0,209,19
461.0,245.0,210,19
461.0,245.0,211,19
462.0,246.0,212,19
461.0,245.0,213,19
461.0,245.0,214,19
461.0,245.0,215,19
461.0,245.0,216,19
461.0,245.0,217,19
461.0,245.0,218,19
461.0,245.0,219,19
461.0,245.0,220,19
461.0,245.0,221,19
461.0,245.0,222,19
461.0,245.0,223,19
461.0,245.0,224,19
461.0,245.0,225,19
461.0,245.0,226,19
461.0,245.0,227,19
461.0,245.0,228,19
461.0,245.0,229,19
462.0,246.0,230,19
461.0,245.0,231,19
461.0,245.0,232,19
461.0,245.0,233,19
461.0,245.0,234,19
461.0,245.0,235,19
461.0,245.0,236,19
461.0,245.0,237,19
461.0,245.0,238,19
461.0,245.0,239,19
461.0,245.0,240,19
461.0,245.0,241,19
461.0,245.0,242,19
461.0,245.0,243,19
461.0,245.0,244,19
461.0,245.0,245,19
461.0,245.0,246,19
461.0,245.0,247,19
461.0,245.0,248,19
462.0,246.0,249,19
461.0,245.0,250,19
461.0,245.0,251,19
461.0,245.0,252,19
461.0,245.0,253,19
461.0,245.0,254,19
462.0,246.0,255,19
461.0,245.0,256,19
462.0,246.0,257,19
461.0,245.0,258,19
461.0,245.0,259,19
461.0,245.0,260,19
461.0,245.0,261,19
462.0,246.0,262,19
461.0,245.0,263,19
469.0,920.0,0,20
470.0,920.0,1,20
469.0,920.0,2,20
470.0,920.0,3,20
469.0,920.0,4,20
469.0,920.0,5,20
470.0,920.0,6,20
470.0,920.0,7,20
469.0,920.0,8,20
470.0,920.0,9,20
469.0,920.0,10,20
469.0,920.0,11,20
469.0,920.0,12,20
470.0,920.0,13,20
470.0,920.0,14,20
470.0,920.0,15,20
470.0,920.0,16,20
470.0,920.0,17,20
470.0,920.0,18,20
469.0,920.0,19,20
469.0,920.0,20,20
470.0,920.0,21,20
469.0,920.0,22,20
469.0,920.0,23,20
469.0,920.0,24,20
470.0,920.0,25,20
469.0,920.0,26,20
469.0,920.0,27,20
470.0,920.0,28,20
470.0,920.0,29,20
470.0,920.0,30,20
470.0,920.0,31,20
470.0,920.0,32,20
469.0,920.0,33,20
470.0,920.0,34,20
469.0,920.0,35,20
469.0,920.0,36,20
469.0,920.0,37,20
470.0,920.0,38,20
470.0,920.0,39,20
469.0,920.0,40,20
470.0,920.0,41,20
470.0,920.0,42,20
469.0,920.0,43,20
469.0,920.0,44,20
470.0,920.0,45,20
470.0,920.0,46,20
469.0,920.0,47,20
470.0,920.0,48,20
470.0,920.0,49,20
470.0,920.0,50,20
470.0,920.0,51,20
469.0,920.0,52,20
469.0,920.0,53,20
469.0,920.0,54,20
469.0,920.0,55,20
469.0,920.0,56,20
469.0,920.0,57,20
470.0,920.0,58,20
470.0,920.0,59,20
470.0,920.0,60,20
470.0,920.0,61,20
470.0,920.0,62,20
470.0,920.0,63,20
469.0,920.0,64,20
470.0,920.0,65,20
470.0,920.0,66,20
469.0,920.0,67,20
470.0,920.0,68,20
469.0,920.0,69,20
470.0,920.0,70,20
470.0,920.0,71,20
470.0,920.0,72,20
470.0,920.0,73,20
470.0,920.0,74,20
469.0,920.0,75,20
470.0,920.0,76,20
470.0,920.0,77,20
470.0,920.0,78,20
469.0,920.0,79,20
470.0,920.0,80,20
470.0,920.0,81,20
470.0,920.0,82,20
470.0,920.0,83,20
470.0,920.0,84,20
470.0,920.0,85,20
469.0,920.0,86,20
470.0,920.0,87,20
469.0,920.0,88,20
470.0,920.0,89,20
470.0,920.0,90,20
470.0,920.0,91,20
470.0,920.0,92,20
469.0,920.0,93,20
470.0,920.0,94,20
470.0,920.0,95,20
469.0,920.0,96,20
470.0,920.0,97,20
469.0,920.0,98,20
470.0,920.0,99,20
469.0,920.0,100,20
470.0,920.0,101,20
470.0,920.0,102,20
470.0,920.0,103,20
470.0,920.0,104,20
470.0,920.0,105,20
470.0,920.0,106,20
470.0,920.0,107,20
469.0,920.0,108,20
470.0,920.0,109,20
470.0,920.0,110,20
469.0,920.0,111,20
469.0,920.0,112,20
470.0,920.0,113,20
469.0,920.0,114,20
469.0,920.0,115,20
470.0,920.0,116,20
469.0,920.0,117,20
469.0,920.0,118,20
469.0,920.0,119,20
470.0,920.0,120,20
470.0,920.0,121,20
470.0,920.0,122,20
469.0,920.0,123,20
470.0,920.0,124,20
470.0,920.0,125,20
469.0,920.0,126,20
470.0,920.0,127,20
469.0,920.0,128,20
470.0,920.0,129,20
470.0,920.0,130,20
469.0,920.0,131,20
470.0,920.0,132,20
470.0,920.0,133,20
469.0,920.0,134,20
470.0,920.0,135,20
470.0,920.0,136,20
470.0,920.0,137,20
469.0,920.0,138,20
470.0,920.0,139,20
470.0,920.0,140,20
470.0,920.0,141,20
469.0,920.0,142,20
470.0,920.0,143,20
470.0,920.0,144,20
470.0,920.0,145,20
470.0,920.0,146,20
470.0,920.0,147,20
469.0,920.0,148,20
470.0,920.0,149,20
470.0,920.0,150,20
470.0,920.0,151,20
469.0,920.0,152,20
470.0,920.0,153,20
469.0,920.0,154,20
469.0,920.0,155,20
470.0,920.0,156,20
470.0,920.0,157,20
470.0,920.0,158,20
470.0,920.0,159,20
470.0,920.0,160,20
470.0,920.0,161,20
469.0,920.0,162,20
470.0,920.0,163,20
469.0,920.0,164,20
469.0,920.0,165,20
470.0,920.0,166,20
470.0,920.0,167,20
469.0,920.0,168,20
469.0,920.0,169,20
470.0,920.0,170,20
469.0,920.0,171,20
470.0,920.0,172,20
470.0,920.0,173,20
470.0,920.0,174,20
469.0,920.0,175,20
470.0,920.0,176,20
469.0,920.0,177,20
470.0,920.0,178,20
470.0,920.0,179,20
469.0,920.0,180,20
470.0,920.0,181,20
470.0,920.0,182,20
470.0,920.0,183,20
470.0,920.0,184,20
470.0,920.0,185,20
470.0,920.0,186,20
470.0,920.0,187,20
469.0,920.0,188,20
469.0,920.0,189,20
469.0,920.0,190,20
470.0,920.0,191,20
470.0,920.0,192,20
470.0,920.0,193,20
470.0,920.0,194,20
470.0,920.0,195,20
470.0,920.0,196,20
470.0,920.0,197,20
470.0,920.0,198,20
469.0,920.0,199,20
470.0,920.0,200,20
470.0,920.0,201,20
469.0,920.0,202,20
470.0,920.0,203,20
469.0,920.0,204,20
470.0,920.0,205,20
469.0,920.0,206,20
470.0,920.0,207,20
470.0,920.0,208,20
469.0,920.0,209,20
469.0,920.0,210,20
470.0,920.0,211,20
470.0,920.0,212,20
469.0,920.0,213,20
469.0,920.0,214,20
469.0,920.0,215,20
470.0,920.0,216,20
470.0,920.0,217,20
469.0,920.0,218,20
470.0,920.0,219,20
470.0,920.0,220,20
470.0,920.0,221,20
470.0,920.0,222,20
469.0,920.0,223,20
470.0,920.0,224,20
470.0,920.0,225,20
470.0,920.0,226,20
469.0,920.0,227,20
470.0,920.0,228,20
470.0,920.0,229,20
470.0,920.0,230,20
469.0,920.0,231,20
470.0,920.0,232,20
469.0,920.0,233,20
470.0,920.0,234,20
470.0,920.0,235,20
470.0,920.0,236,20
469.0,920.0,237,20
470.0,920.0,238,20
470.0,920.0,239,20
469.0,920.0,240,20
470.0,920.0,241,20
469.0,920.0,242,20
469.0,920.0,243,20
470.0,920.0,244,20
470.0,920.0,245,20
470.0,920.0,246,20
470.0,920.0,247,20
470.0,920.0,248,20
470.0,920.0,249,20
470.0,920.0,250,20
470.0,920.0,251,20
470.0,920.0,252,20
470.0,920.0,253,20
470.0,920.0,254,20
469.0,920.0,255,20
469.0,920.0,256,20
470.0,920.0,257,20
469.0,920.0,258,20
470.0,920.0,259,20
470.0,920.0,260,20
469.0,920.0,261,20
470.0,920.0,262,20
470.0,920.0,263,20
478.0,784.0,0,21
478.0,784.0,1,21
478.0,784.0,2,21
478.0,784.0,3,21
478.0,784.0,4,21
478.0,784.0,5,21
478.0,784.0,6,21
478.0,784.0,7,21
478.0,784.0,8,21
478.0,784.0,9,21
478.0,784.0,10,21
478.0,784.0,11,21
478.0,784.0,12,21
478.0,784.0,13,21
478.0,785.0,14,21
478.0,784.0,15,21
478.0,784.0,16,21
478.0,784.0,17,21
478.0,784.0,18,21
478.0,784.0,19,21
478.0,784.0,20,21
478.0,784.0,21,21
478.0,784.0,22,21
478.0,784.0,23,21
478.0,784.0,24,21
478.0,784.0,25,21
478.0,784.0,26,21
478.0,785.0,27,21
478.0,785.0,28,21
478.0,784.0,29,21
478.0,784.0,30,21
478.0,784.0,31,21
478.0,784.0,32,21
478.0,785.0,33,21
478.0,785.0,34,21
478.0,784.0,35,21
478.0,784.0,36,21
478.0,784.0,37,21
478.0,784.0,38,21
478.0,784.0,39,21
478.0,784.0,40,21
478.0,784.0,41,21
478.0,784.0,42,21
478.0,784.0,43,21
478.0,784.0,44,21
478.0,784.0,45,21
478.0,784.0,46,21
478.0,784.0,47,21
478.0,784.0,48,21
478.0,784.0,49,21
478.0,784.0,50,21
478.0,784.0,51,21
478.0,784.0,52,21
478.0,784.0,53,21
478.0,784.0,54,21
478.0,784.0,55,21
478.0,784.0,56,21
478.0,784.0,57,21
478.0,784.0,58,21
478.0,784.0,59,21
478.0,784.0,60,21
478.0,784.0,61,21
478.0,784.0,62,21
478.0,784.0,63,21
478.0,784.0,64,21
478.0,785.0,65,21
478.0,784.0,66,21
478.0,784.0,67,21
478.0,784.0,68,21
478.0,784.0,69,21
478.0,784.0,70,21
478.0,784.0,71,21
478.0,784.0,72,21
478.0,784.0,73,21
478.0,785.0,74,21
478.0,785.0,75,21
478.0,784.0,76,21
478.0,785.0,77,21
478.0,784.0,78,21
478.0,784.0,79,21
478.0,784.0,80,21
478.0,784.0,81,21
478.0,784.0,82,21
478.0,784.0,83,21
478.0,784.0,84,21
478.0,784.0,85,21
478.0,785.0,86,21
478.0,784.0,87,21
478.0,784.0,88,21
478.0,784.0,89,21
478.0,784.0,90,21
478.0,784.0,91,21
478.0,784.0,92,21
478.0,784.0,93,21
478.0,784.0,94,21
478.0,784.0,95,21
478.0,784.0,96,21
478.0,784.0,97,21
478.0,785.0,98,21
478.0,784.0,99,21
478.0,785.0,100,21
478.0,784.0,101,21
478.0,784.0,102,21
478.0,784.0,103,21
478.0,784.0,104,21
478.0,784.0,105,21
478.0,784.0,106,21
478.0,785.0,107,21
478.0,784.0,108,21
478.0,784.0,109,21
478.0,784.0,110,21
478.0,784.0,111,21
478.0,784.0,112,21
478.0,784.0,113,21
478.0,785.0,114,21
478.0,784.0,115,21
478.0,784.0,116,21
478.0,784.0,117,21
478.0,784.0,118,21
478.0,784.0,119,21
478.0,784.0,120,21
478.0,785.0,121,21
478.0,784.0,122,21
478.0,785.0,123,21
478.0,784.0,124,21
478.0,784.0,125,21
478.0,784.0,126,21
478.0,784.0,127,21
478.0,784.0,128,21
478.0,784.0,129,21
478.0,784.0,130,21
478.0,784.0,131,21
478.0,784.0,132,21
478.0,784.0,133,21
478.0,784.0,134,21
478.0,785.0,135,21
478.0,784.0,136,21
478.0,784.0,137,21
478.0,784.0,138,21
478.0,784.0,139,21
478.0,785.0,140,21
478.0,784.0,141,21
478.0,784.0,142,21
478.0,784.0,143,21
478.0,784.0,144,21
478.0,784.0,145,21
478.0,784.0,146,21
478.0,784.0,147,21
478.0,784.0,148,21
478.0,784.0,149,21
478.0,784.0,150,21
478.0,784.0,151,21
478.0,785.0,152,21
478.0,784.0,153,21
478.0,785.0,154,21
478.0,785.0,155,21
478.0,784.0,156,21
478.0,785.0,157,21
478.0,784.0,158,21
478.0,785.0,159,21
478.0,785.0,160,21
478.0,784.0,161,21
478.0,784.0,162,21
478.0,784.0,163,21
478.0,784.0,164,21
478.0,785.0,165,21
478.0,784.0,166,21
478.0,784.0,167,21
478.0,784.0,168,21
478.0,784.0,169,21
478.0,784.0,170,21
478.0,784.0,171,21
478.0,784.0,172,21
478.0,784.0,173,21
478.0,784.0,174,21
478.0,785.0,175,21
478.0,784.0,176,21
478.0,785.0,177,21
478.0,785.0,178,21
478.0,784.0,179,21
478.0,784.0,180,21
478.0,785.0,181,21
478.0,784.0,182,21
478.0,784.0,183,21
478.0,784.0,184,21
478.0,784.0,185,21
478.0,784.0,186,21
478.0,784.0,187,21
478.0,785.0,188,21
478.0,785.0,189,21
478.0,785.0,190,21
478.0,784.0,191,21
478.0,784.0,192,21
478.0,784.0,193,21
478.0,785.0,194,21
478.0,784.0,195,21
478.0,784.0,196,21
478.0,784.0,197,21
478.0,784.0,198,21
478.0,785.0,199,21
478.0,784.0,200,21
478.0,784.0,201,21
478.0,784.0,202,21
478.0,784.0,203,21
478.0,784.0,204,21
478.0,784.0,205,21
478.0,785.0,206,21
478.0,785.0,207,21
478.0,784.0,208,21
478.0,784.0,209,21
478.0,784.0,210,21
478.0,784.0,211,21
478.0,784.0,212,21
478.0,785.0,213,21
478.0,785.0,214,21
478.0,784.0,215,21
478.0,784.0,216,21
478.0,784.0,217,21
478.0,784.0,218,21
478.0,784.0,219,21
478.0,784.0,220,21
478.0,785.0,221,21
478.0,784.0,222,21
478.0,784.0,223,21
478.0,784.0,224,21
478.0,784.0,225,21
478.0,784.0,226,21
478.0,784.0,227,21
478.0,785.0,228,21
478.0,785.0,229,21
478.0,784.0,230,21
478.0,784.0,231,21
478.0,784.0,232,21
478.0,784.0,233,21
478.0,784.0,234,21
478.0,784.0,235,21
478.0,784.0,236,21
478.0,784.0,237,21
478.0,784.0,238,21
478.0,784.0,239,21
478.0,784.0,240,21
478.0,784.0,241,21
478.0,785.0,242,21
478.0,784.0,243,21
478.0,784.0,244,21
478.0,784.0,245,21
478.0,784.0,246,21
478.0,784.0,247,21
478.0,785.0,248,21
478.0,784.0,249,21
478.0,784.0,250,21
478.0,784.0,251,21
478.0,784.0,252,21
478.0,784.0,253,21
478.0,784.0,254,21
478.0,784.0,255,21
478.0,785.0,256,21
478.0,784.0,257,21
478.0,784.0,258,21
478.0,784.0,259,21
478.0,784.0,260,21
478.0,784.0,261,21
478.0,785.0,262,21
478.0,785.0,263,21
480.0,43.0,0,22
480.0,42.0,1,22
480.0,43.0,2,22
480.0,43.0,3,22
480.0,43.0,4,22
480.0,42.0,5,22
480.0,43.0,6,22
480.0,42.0,7,22
480.0,43.0,8,22
480.0,42.0,9,22
480.0,43.0,10,22
480.0,43.0,11,22
480.0,43.0,12,22
480.0,43.0,13,22
480.0,42.0,14,22
480.0,43.0,15,22
480.0,43.0,16,22
480.0,42.0,17,22
480.0,42.0,18,22
480.0,42.0,19,22
480.0,42.0,20,22
480.0,43.0,21,22
480.0,43.0,22,22
480.0,42.0,23,22
480.0,42.0,24,22
480.0,43.0,25,22
480.0,42.0,26,22
480.0,43.0,27,22
480.0,43.0,28,22
480.0,42.0,29,22
480.0,43.0,30,22
480.0,42.0,31,22
480.0,42.0,32,22
480.0,43.0,33,22
480.0,42.0,34,22
480.0,42.0,35,22
480.0,42.0,36,22
480.0,43.0,37,22
480.0,43.0,38,22
480.0,43.0,39,22
480.0,42.0,40,22
480.0,42.0,41,22
480.0,43.0,42,22
480.0,43.0,43,22
480.0,42.0,44,22
480.0,43.0,45,22
480.0,43.0,46,22
480.0,43.0,47,22
480.0,43.0,48,22
480.0,43.0,49,22
480.0,43.0,50,22
480.0,43.0,51,22
480.0,43.0,52,22
480.0,43.0,53,22
480.0,42.0,54,22
480.0,43.0,55,22
480.0,43.0,56,22
480.0,43.0,57,22
480.0,43.0,58,22
480.0,43.0,59,22
480.0,43.0,60,22
480.0,42.0,61,22
480.0,42.0,62,22
480.0,43.0,63,22
480.0,43.0,64,22
480.0,43.0,65,22
480.0,43.0,66,22
480.0,43.0,67,22
480.0,43.0,68,22
480.0,43.0,69,22
480.0,43.0,70,22
480.0,43.0,71,22
480.0,43.0,72,22
480.0,43.0,73,22
480.0,43.0,74,22
480.0,43.0,75,22
480.0,42.0,76,22
480.0,43.0,77,22
480.0,43.0,78,22
480.0,43.0,79,22
480.0,43.0,80,22
480.0,43.0,81,22
480.0,43.0,82,22
480.0,43.0,83,22
480.0,43.0,84,22
480.0,43.0,85,22
480.0,43.0,86,22
480.0,43.0,87,22
480.0,43.0,88,22
480.0,43.0,89,22
480.0,43.0,90,22
480.0,43.0,91,22
480.0,43.0,92,22
480.0,43.0,93,22
480.0,43.0,94,22
480.0,43.0,95,22
480.0,43.0,96,22
480.0,43.0,97,22
480.0,43.0,98,22
480.0,43.0,99,22
480.0,43.0,100,22
480.0,43.0,101,22
480.0,43.0,102,22
480.0,43.0,103,22
480.0,43.0,104,22
480.0,43.0,105,22
480.0,43.0,106,22
480.0,43.0,107,22
480.0,43.0,108,22
480.0,43.0,109,22
480.0,43.0,110,22
480.0,43.0,111,22
480.0,43.0,112,22
480.0,43.0,113,22
480.0,43.0,114,22
480.0,43.0,115,22
480.0,43.0,116,22
480.0,43.0,117,22
480.0,43.0,118,22
480.0,43.0,119,22
480.0,43.0,120,22
480.0,43.0,121,22
480.0,43.0,122,22
480.0,43.0,123,22
480.0,43.0,124,22
480.0,43.0,125,22
480.0,43.0,126,22
480.0,43.0,127,22
480.0,43.0,128,22
480.0,43.0,129,22
480.0,43.0,130,22
480.0,43.0,131,22
480.0,43.0,132,22
480.0,43.0,133,22
480.0,42.0,134,22
480.0,43.0,135,22
480.0,43.0,136,22
480.0,43.0,137,22
480.0,43.0,138,22
480.0,43.0,139,22
480.0,43.0,140,22
480.0,43.0,141,22
480.0,43.0,142,22
480.0,43.0,143,22
480.0,43.0,144,22
480.0,43.0,145,22
480.0,43.0,146,22
480.0,43.0,147,22
480.0,43.0,148,22
480.0,43.0,149,22
480.0,43.0,150,22
480.0,43.0,151,22
480.0,43.0,152,22
480.0,43.0,153,22
480.0,43.0,154,22
480.0,43.0,155,22
480.0,43.0,156,22
480.0,43.0,157,22
480.0,43.0,158,22
480.0,43.0,159,22
480.0,42.0,160,22
480.0,43.0,161,22
480.0,43.0,162,22
480.0,43.0,163,22
480.0,43.0,164,22
480.0,43.0,165,22
480.0,43.0,166,22
480.0,43.0,167,22
480.0,42.0,168,22
480.0,43.0,169,22
480.0,43.0,170,22
480.0,43.0,171,22
480.0,43.0,172,22
480.0,42.0,173,22
480.0,43.0,174,22
480.0,43.0,175,22
480.0,43.0,176,22
480.0,43.0,177,22
480.0,43.0,178,22
480.0,43.0,179,22
480.0,43.0,180,22
480.0,43.0,181,22
480.0,43.0,182,22
480.0,43.0,183,22
480.0,43.0,184,22
480.0,43.0,185,22
480.0,43.0,186,22
480.0,43.0,187,22
480.0,43.0,188,22
480.0,43.0,189,22
480.0,43.0,190,22
480.0,43.0,191,22
480.0,43.0,192,22
480.0,43.0,193,22
480.0,43.0,194,22
480.0,43.0,195,22
480.0,43.0,196,22
480.0,43.0,197,22
480.0,43.0,198,22
480.0,43.0,199,22
480.0,43.0,200,22
480.0,43.0,201,22
480.0,43.0,202,22
480.0,43.0,203,22
480.0,43.0,204,22
480.0,43.0,205,22
480.0,43.0,206,22
480.0,42.0,207,22
480.0,43.0,208,22
480.0,43.0,209,22
480.0,43.0,210,22
480.0,43.0,211,22
480.0,43.0,212,22
480.0,43.0,213,22
480.0,43.0,214,22
480.0,43.0,215,22
480.0,43.0,216,22
480.0,43.0,217,22
480.0,43.0,218,22
480.0,43.0,219,22
480.0,43.0,220,22
480.0,43.0,221,22
480.0,43.0,222,22
480.0,43.0,223,22
480.0,43.0,224,22
480.0,43.0,225,22
480.0,43.0,226,22
480.0,43.0,227,22
480.0,43.0,228,22
480.0,43.0,229,22
480.0,43.0,230,22
480.0,43.0,231,22
480.0,43.0,232,22
480.0,43.0,233,22
480.0,43.0,234,22
480.0,43.0,235,22
480.0,42.0,236,22
480.0,43.0,237,22
480.0,43.0,238,22
480.0,43.0,239,22
480.0,43.0,240,22
480.0,43.0,241,22
480.0,43.0,242,22
480.0,43.0,243,22
480.0,43.0,244,22
480.0,43.0,245,22
480.0,43.0,246,22
480.0,43.0,247,22
480.0,43.0,248,22
480.0,43.0,249,22
480.0,43.0,250,22
480.0,43.0,251,22
480.0,43.0,252,22
480.0,43.0,253,22
480.0,43.0,254,22
480.0,43.0,255,22
480.0,43.0,256,22
480.0,43.0,257,22
480.0,43.0,258,22
480.0,43.0,259,22
480.0,43.0,260,22
480.0,42.0,261,22
480.0,43.0,262,22
480.0,43.0,263,22
568.0,728.0,0,23
568.0,728.0,1,23
568.0,728.0,2,23
568.0,728.0,3,23
568.0,728.0,4,23
568.0,728.0,5,23
568.0,728.0,6,23
568.0,728.0,7,23
568.0,728.0,8,23
568.0,728.0,9,23
568.0,728.0,10,23
568.0,728.0,11,23
568.0,728.0,12,23
568.0,728.0,13,23
574.0,726.0,14,23
571.0,729.0,15,23
572.0,734.0,16,23
577.0,736.0,17,23
572.0,741.0,18,23
575.0,743.0,19,23
570.0,746.0,20,23
574.0,750.0,21,23
573.0,757.0,22,23
576.0,759.0,23,23
568.0,728.0,24,23
568.0,728.0,25,23
568.0,728.0,26,23
568.0,728.0,27,23
568.0,728.0,28,23
568.0,728.0,29,23
568.0,728.0,30,23
568.0,728.0,31,23
568.0,728.0,32,23
568.0,728.0,33,23
568.0,728.0,34,23
568.0,728.0,35,23
568.0,728.0,36,23
568.0,728.0,37,23
568.0,728.0,38,23
568.0,728.0,39,23
568.0,728.0,40,23
568.0,728.0,41,23
568.0,728.0,42,23
568.0,728.0,43,23
568.0,728.0,44,23
568.0,728.0,45,23
568.0,728.0,46,23
568.0,728.0,47,23
568.0,728.0,48,23
568.0,728.0,49,23
568.0,728.0,50,23
568.0,728.0,51,23
568.0,728.0,52,23
568.0,728.0,53,23
568.0,728.0,54,23
568.0,728.0,55,23
568.0,728.0,56,23
568.0,728.0,57,23
568.0,728.0,58,23
568.0,728.0,59,23
568.0,728.0,60,23
568.0,728.0,61,23
568.0,728.0,62,23
568.0,728.0,63,23
568.0,728.0,64,23
568.0,728.0,65,23
568.0,728.0,66,23
568.0,728.0,67,23
568.0,728.0,68,23
568.0,728.0,69,23
568.0,728.0,70,23
568.0,728.0,71,23
568.0,728.0,72,23
568.0,728.0,73,23
568.0,728.0,74,23
568.0,728.0,75,23
568.0,728.0,76,23
568.0,728.0,77,23
568.0,728.0,78,23
568.0,728.0,79,23
568.0,728.0,80,23
568.0,728.0,81,23
568.0,728.0,82,23
568.0,728.0,83,23
568.0,728.0,84,23
568.0,728.0,85,23
568.0,728.0,86,23
568.0,728.0,87,23
568.0,728.0,88,23
568.0,728.0,89,23
568.0,728.0,90,23
568.0,728.0,91,23
568.0,728.0,92,23
568.0,728.0,93,23
568.0,728.0,94,23
568.0,728.0,95,23
568.0,728.0,96,23
568.0,728.0,97,23
568.0,728.0,98,23
568.0,728.0,99,23
568.0,728.0,100,23
568.0,728.0,101,23
568.0,728.0,102,23
568.0,728.0,103,23
568.0,728.0,104,23
568.0,728.0,105,23
568.0,728.0,106,23
568.0,728.0,107,23
568.0,728.0,108,23
568.0,728.0,109,23
568.0,728.0,110,23
568.0,728.0,111,23
568.0,728.0,112,23
568.0,728.0,113,23
619.0,774.0,0,24
619.0,774.0,1,24
619.0,774.0,2,24
619.0,774.0,3,24
619.0,774.0,4,24
619.0,774.0,5,24
619.0,774.0,6,24
619.0,774.0,7,24
619.0,774.0,8,24
619.0,774.0,9,24
619.0,774.0,10,24
619.0,774.0,11,24
619.0,774.0,12,24
619.0,774.0,13,24
619.0,774.0,14,24
619.0,774.0,15,24
619.0,774.0,16,24
619.0,774.0,17,24
619.0,774.0,18,24
619.0,774.0,19,24
619.0,774.0,20,24
619.0,774.0,21,24
619.0,774.0,22,24
619.0,774.0,23,24
619.0,774.0,24,24
619.0,774.0,25,24
619.0,774.0,26,24
619.0,774.0,27,24
619.0,774.0,28,24
610.0,776.0,29,24
610.0,776.0,30,24
619.0,774.0,31,24
619.0,774.0,32,24
619.0,774.0,33,24
619.0,774.0,34,24
619.0,774.0,35,24
619.0,774.0,36,24
619.0,774.0,37,24
619.0,774.0,38,24
619.0,774.0,39,24
619.0,774.0,40,24
619.0,774.0,41,24
619.0,774.0,42,24
619.0,774.0,43,24
619.0,774.0,44,24
619.0,774.0,45,24
619.0,774.0,46,24
619.0,774.0,47,24
619.0,774.0,48,24
619.0,774.0,49,24
619.0,774.0,50,24
610.0,776.0,51,24
610.0,776.0,52,24
619.0,774.0,53,24
619.0,774.0,54,24
619.0,774.0,55,24
619.0,774.0,56,24
619.0,774.0,57,24
619.0,774.0,58,24
619.0,774.0,59,24
619.0,774.0,60,24
619.0,774.0,61,24
619.0,774.0,62,24
619.0,774.0,63,24
619.0,774.0,64,24
619.0,774.0,65,24
619.0,774.0,66,24
619.0,774.0,67,24
619.0,774.0,68,24
619.0,774.0,69,24
619.0,774.0,70,24
619.0,774.0,71,24
619.0,774.0,72,24
619.0,774.0,73,24
619.0,774.0,74,24
619.0,774.0,75,24
619.0,774.0,76,24
619.0,774.0,77,24
619.0,774.0,78,24
619.0,774.0,79,24
619.0,774.0,80,24
619.0,774.0,81,24
619.0,774.0,82,24
619.0,774.0,83,24
619.0,774.0,84,24
619.0,774.0,85,24
619.0,774.0,86,24
619.0,774.0,87,24
619.0,774.0,88,24
619.0,774.0,89,24
619.0,774.0,90,24
619.0,774.0,91,24
619.0,774.0,92,24
619.0,774.0,93,24
619.0,774.0,94,24
619.0,774.0,95,24
647.0,772.0,96,24
646.0,774.0,97,24
646.0,773.0,98,24
646.0,772.0,99,24
646.0,772.0,100,24
646.0,772.0,101,24
646.0,772.0,102,24
646.0,772.0,103,24
646.0,772.0,104,24
646.0,770.0,105,24
642.0,770.0,106,24
644.0,769.0,107,24
642.0,770.0,108,24
642.0,770.0,109,24
642.0,768.0,110,24
642.0,770.0,111,24
641.0,770.0,112,24
641.0,769.0,113,24
642.0,770.0,114,24
641.0,771.0,115,24
642.0,773.0,116,24
641.0,773.0,117,24
643.0,773.0,118,24
642.0,774.0,119,24
642.0,773.0,120,24
640.0,773.0,121,24
639.0,772.0,122,24
639.0,771.0,123,24
638.0,771.0,124,24
638.0,768.0,125,24
637.0,773.0,126,24
637.0,774.0,127,24
637.0,774.0,128,24
637.0,774.0,129,24
637.0,774.0,130,24
639.0,774.0,131,24
637.0,774.0,132,24
638.0,774.0,133,24
636.0,773.0,134,24
636.0,773.0,135,24
636.0,774.0,136,24
637.0,773.0,137,24
636.0,773.0,138,24
636.0,772.0,139,24
636.0,772.0,140,24
636.0,771.0,141,24
634.0,771.0,142,24
634.0,771.0,143,24
633.0,771.0,144,24
634.0,770.0,145,24
632.0,770.0,146,24
631.0,770.0,147,24
631.0,770.0,148,24
630.0,771.0,149,24
630.0,772.0,150,24
631.0,772.0,151,24
631.0,773.0,152,24
631.0,775.0,153,24
631.0,775.0,154,24
630.0,776.0,155,24
630.0,777.0,156,24
631.0,777.0,157,24
630.0,777.0,158,24
631.0,776.0,159,24
630.0,776.0,160,24
628.0,776.0,161,24
627.0,776.0,162,24
626.0,775.0,163,24
628.0,774.0,164,24
626.0,775.0,165,24
626.0,775.0,166,24
625.0,774.0,167,24
624.0,774.0,168,24
624.0,776.0,169,24
624.0,776.0,170,24
623.0,776.0,171,24
623.0,776.0,172,24
623.0,777.0,173,24
623.0,777.0,174,24
622.0,778.0,175,24
622.0,778.0,176,24
623.0,779.0,177,24
622.0,780.0,178,24
622.0,780.0,179,24
623.0,779.0,180,24
624.0,779.0,181,24
622.0,780.0,182,24
621.0,780.0,183,24
620.0,779.0,184,24
620.0,778.0,185,24
618.0,778.0,186,24
618.0,778.0,187,24
618.0,777.0,188,24
617.0,777.0,189,24
616.0,778.0,190,24
615.0,778.0,191,24
617.0,779.0,192,24
616.0,780.0,193,24
618.0,778.0,194,24
617.0,780.0,195,24
617.0,780.0,196,24
616.0,780.0,197,24
615.0,782.0,198,24
615.0,781.0,199,24
616.0,782.0,200,24
615.0,782.0,201,24
615.0,782.0,202,24
616.0,783.0,203,24
615.0,785.0,204,24
614.0,786.0,205,24
614.0,786.0,206,24
612.0,786.0,207,24
610.0,784.0,208,24
609.0,784.0,209,24
609.0,784.0,210,24
619.0,774.0,211,24
619.0,774.0,212,24
619.0,774.0,213,24
619.0,774.0,214,24
619.0,774.0,215,24
619.0,774.0,216,24
619.0,774.0,217,24
619.0,774.0,218,24
619.0,774.0,219,24
619.0,774.0,220,24
619.0,774.0,221,24
619.0,774.0,222,24
619.0,774.0,223,24
619.0,774.0,224,24
619.0,774.0,225,24
619.0,774.0,226,24
619.0,774.0,227,24
619.0,774.0,228,24
619.0,774.0,229,24
619.0,774.0,230,24
619.0,774.0,231,24
619.0,774.0,232,24
619.0,774.0,233,24
619.0,774.0,234,24
619.0,774.0,235,24
619.0,774.0,236,24
610.0,776.0,237,24
619.0,774.0,238,24
619.0,774.0,239,24
619.0,774.0,240,24
619.0,774.0,241,24
619.0,774.0,242,24
619.0,774.0,243,24
619.0,774.0,244,24
619.0,774.0,245,24
619.0,774.0,246,24
619.0,774.0,247,24
619.0,774.0,248,24
619.0,774.0,249,24
610.0,776.0,250,24
610.0,776.0,251,24
619.0,774.0,252,24
619.0,774.0,253,24
619.0,774.0,254,24
610.0,776.0,255,24
610.0,776.0,256,24
610.0,776.0,257,24
610.0,776.0,258,24
610.0,776.0,259,24
610.0,776.0,260,24
610.0,776.0,261,24
610.0,776.0,262,24
610.0,776.0,263,24
632.0,617.0,0,25
632.0,617.0,1,25
632.0,617.0,2,25
632.0,617.0,3,25
632.0,617.0,4,25
633.0,617.0,5,25
632.0,616.0,6,25
632.0,616.0,7,25
632.0,616.0,8,25
633.0,616.0,9,25
632.0,616.0,10,25
632.0,616.0,11,25
632.0,616.0,12,25
633.0,616.0,13,25
633.0,616.0,14,25
633.0,616.0,15,25
633.0,616.0,16,25
633.0,616.0,17,25
632.0,615.0,18,25
633.0,615.0,19,25
633.0,615.0,20,25
633.0,615.0,21,25
633.0,615.0,22,25
633.0,615.0,23,25
633.0,614.0,24,25
633.0,614.0,25,25
633.0,614.0,26,25
633.0,614.0,27,25
634.0,614.0,28,25
633.0,614.0,29,25
634.0,614.0,30,25
634.0,614.0,31,25
633.0,614.0,32,25
633.0,614.0,33,25
633.0,613.0,34,25
633.0,613.0,35,25
634.0,613.0,36,25
634.0,613.0,37,25
634.0,613.0,38,25
634.0,613.0,39,25
634.0,613.0,40,25
633.0,612.0,41,25
633.0,612.0,42,25
633.0,612.0,43,25
634.0,612.0,44,25
634.0,612.0,45,25
634.0,612.0,46,25
634.0,612.0,47,25
634.0,612.0,48,25
633.0,612.0,49,25
634.0,612.0,50,25
634.0,612.0,51,25
635.0,611.0,52,25
636.0,610.0,53,25
636.0,610.0,54,25
636.0,610.0,55,25
636.0,610.0,56,25
636.0,610.0,57,25
635.0,610.0,58,25
634.0,610.0,59,25
634.0,610.0,60,25
634.0,610.0,61,25
634.0,610.0,62,25
634.0,610.0,63,25
634.0,610.0,64,25
634.0,610.0,65,25
634.0,610.0,66,25
634.0,610.0,67,25
634.0,610.0,68,25
634.0,610.0,69,25
635.0,610.0,70,25
635.0,609.0,71,25
635.0,610.0,72,25
635.0,609.0,73,25
635.0,609.0,74,25
635.0,609.0,75,25
635.0,609.0,76,25
634.0,609.0,77,25
634.0,609.0,78,25
634.0,608.0,79,25
635.0,608.0,80,25
635.0,608.0,81,25
635.0,608.0,82,25
635.0,608.0,83,25
635.0,608.0,84,25
635.0,608.0,85,25
635.0,608.0,86,25
636.0,607.0,87,25
637.0,607.0,88,25
637.0,607.0,89,25
637.0,607.0,90,25
637.0,606.0,91,25
637.0,606.0,92,25
636.0,606.0,93,25
636.0,606.0,94,25
636.0,606.0,95,25
637.0,606.0,96,25
637.0,606.0,97,25
637.0,606.0,98,25
637.0,606.0,99,25
637.0,605.0,100,25
637.0,605.0,101,25
637.0,605.0,102,25
637.0,605.0,103,25
637.0,605.0,104,25
637.0,605.0,105,25
637.0,605.0,106,25
637.0,605.0,107,25
638.0,605.0,108,25
637.0,605.0,109,25
637.0,604.0,110,25
638.0,604.0,111,25
638.0,604.0,112,25
638.0,604.0,113,25
637.0,604.0,114,25
635.0,604.0,115,25
636.0,604.0,116,25
638.0,603.0,117,25
638.0,603.0,118,25
638.0,603.0,119,25
637.0,603.0,120,25
637.0,603.0,121,25
637.0,603.0,122,25
637.0,603.0,123,25
637.0,603.0,124,25
637.0,603.0,125,25
636.0,603.0,126,25
636.0,603.0,127,25
636.0,603.0,128,25
637.0,602.0,129,25
638.0,602.0,130,25
637.0,602.0,131,25
636.0,602.0,132,25
638.0,602.0,133,25
636.0,602.0,134,25
636.0,602.0,135,25
636.0,602.0,136,25
637.0,602.0,137,25
636.0,602.0,138,25
637.0,601.0,139,25
638.0,601.0,140,25
638.0,601.0,141,25
638.0,601.0,142,25
636.0,601.0,143,25
636.0,601.0,144,25
638.0,600.0,145,25
638.0,600.0,146,25
638.0,600.0,147,25
638.0,600.0,148,25
638.0,600.0,149,25
637.0,600.0,150,25
637.0,600.0,151,25
636.0,600.0,152,25
636.0,600.0,153,25
638.0,599.0,154,25
638.0,599.0,155,25
638.0,599.0,156,25
638.0,599.0,157,25
638.0,599.0,158,25
638.0,599.0,159,25
638.0,599.0,160,25
638.0,599.0,161,25
636.0,599.0,162,25
636.0,599.0,163,25
639.0,598.0,164,25
638.0,598.0,165,25
638.0,598.0,166,25
638.0,598.0,167,25
638.0,598.0,168,25
637.0,598.0,169,25
638.0,598.0,170,25
638.0,597.0,171,25
638.0,597.0,172,25
638.0,597.0,173,25
638.0,597.0,174,25
638.0,597.0,175,25
637.0,597.0,176,25
638.0,597.0,177,25
638.0,597.0,178,25
637.0,597.0,179,25
638.0,597.0,180,25
638.0,597.0,181,25
637.0,597.0,182,25
638.0,596.0,183,25
638.0,596.0,184,25
638.0,596.0,185,25
638.0,596.0,186,25
638.0,596.0,187,25
638.0,596.0,188,25
638.0,596.0,189,25
638.0,596.0,190,25
637.0,596.0,191,25
638.0,596.0,192,25
639.0,596.0,193,25
638.0,596.0,194,25
639.0,596.0,195,25
639.0,596.0,196,25
638.0,596.0,197,25
638.0,596.0,198,25
639.0,595.0,199,25
639.0,595.0,200,25
639.0,596.0,201,25
639.0,596.0,202,25
638.0,595.0,203,25
638.0,595.0,204,25
639.0,595.0,205,25
639.0,595.0,206,25
639.0,595.0,207,25
639.0,595.0,208,25
637.0,596.0,209,25
637.0,596.0,210,25
637.0,596.0,211,25
637.0,595.0,212,25
637.0,595.0,213,25
636.0,596.0,214,25
637.0,595.0,215,25
638.0,595.0,216,25
637.0,595.0,217,25
637.0,595.0,218,25
637.0,595.0,219,25
637.0,595.0,220,25
637.0,595.0,221,25
637.0,595.0,222,25
637.0,594.0,223,25
637.0,594.0,224,25
636.0,595.0,225,25
636.0,595.0,226,25
636.0,595.0,227,25
636.0,595.0,228,25
636.0,595.0,229,25
638.0,594.0,230,25
636.0,595.0,231,25
637.0,594.0,232,25
637.0,594.0,233,25
637.0,594.0,234,25
637.0,594.0,235,25
637.0,594.0,236,25
636.0,594.0,237,25
637.0,594.0,238,25
637.0,594.0,239,25
637.0,593.0,240,25
637.0,593.0,241,25
637.0,593.0,242,25
637.0,593.0,243,25
637.0,593.0,244,25
637.0,593.0,245,25
637.0,593.0,246,25
636.0,593.0,247,25
636.0,593.0,248,25
636.0,593.0,249,25
636.0,593.0,250,25
636.0,593.0,251,25
636.0,593.0,252,25
636.0,593.0,253,25
636.0,593.0,254,25
637.0,592.0,255,25
636.0,592.0,256,25
636.0,592.0,257,25
636.0,592.0,258,25
636.0,592.0,259,25
636.0,592.0,260,25
636.0,591.0,261,25
636.0,592.0,262,25
636.0,592.0,263,25
639.0,194.0,0,26
639.0,194.0,1,26
638.0,194.0,2,26
639.0,194.0,3,26
639.0,194.0,4,26
639.0,194.0,5,26
639.0,194.0,6,26
639.0,194.0,7,26
639.0,194.0,8,26
639.0,194.0,9,26
639.0,194.0,10,26
639.0,194.0,11,26
639.0,194.0,12,26
639.0,194.0,13,26
639.0,194.0,14,26
639.0,194.0,15,26
639.0,194.0,16,26
639.0,194.0,17,26
639.0,194.0,18,26
639.0,194.0,19,26
639.0,194.0,20,26
639.0,194.0,21,26
639.0,194.0,22,26
638.0,194.0,23,26
639.0,194.0,24,26
639.0,194.0,25,26
639.0,194.0,26,26
639.0,194.0,27,26
639.0,194.0,28,26
639.0,194.0,29,26
639.0,194.0,30,26
638.0,194.0,31,26
639.0,194.0,32,26
639.0,194.0,33,26
639.0,194.0,34,26
639.0,194.0,35,26
639.0,194.0,36,26
639.0,194.0,37,26
639.0,194.0,38,26
639.0,194.0,39,26
638.0,194.0,40,26
639.0,194.0,41,26
639.0,194.0,42,26
639.0,194.0,43,26
638.0,194.0,44,26
639.0,194.0,45,26
639.0,194.0,46,26
639.0,194.0,47,26
639.0,194.0,48,26
639.0,194.0,49,26
639.0,194.0,50,26
639.0,194.0,51,26
639.0,194.0,52,26
639.0,194.0,53,26
639.0,194.0,54,26
639.0,194.0,55,26
639.0,194.0,56,26
639.0,194.0,57,26
639.0,194.0,58,26
639.0,194.0,59,26
639.0,194.0,60,26
639.0,194.0,61,26
639.0,194.0,62,26
639.0,194.0,63,26
639.0,194.0,64,26
639.0,194.0,65,26
639.0,194.0,66,26
639.0,194.0,67,26
639.0,194.0,68,26
639.0,194.0,69,26
639.0,194.0,70,26
639.0,194.0,71,26
639.0,194.0,72,26
639.0,194.0,73,26
639.0,194.0,74,26
639.0,194.0,75,26
639.0,194.0,76,26
639.0,194.0,77,26
639.0,194.0,78,26
639.0,194.0,79,26
639.0,194.0,80,26
639.0,194.0,81,26
639.0,194.0,82,26
639.0,194.0,83,26
639.0,194.0,84,26
639.0,194.0,85,26
639.0,194.0,86,26
639.0,194.0,87,26
639.0,194.0,88,26
639.0,194.0,89,26
639.0,194.0,90,26
639.0,194.0,91,26
639.0,194.0,92,26
639.0,194.0,93,26
639.0,194.0,94,26
639.0,194.0,95,26
639.0,194.0,96,26
639.0,194.0,97,26
639.0,194.0,98,26
639.0,194.0,99,26
639.0,194.0,100,26
639.0,194.0,101,26
639.0,194.0,102,26
639.0,194.0,103,26
639.0,194.0,104,26
639.0,194.0,105,26
639.0,194.0,106,26
639.0,194.0,107,26
639.0,194.0,108,26
639.0,194.0,109,26
639.0,194.0,110,26
639.0,194.0,111,26
639.0,194.0,112,26
639.0,194.0,113,26
639.0,194.0,114,26
639.0,194.0,115,26
639.0,194.0,116,26
639.0,194.0,117,26
639.0,194.0,118,26
639.0,194.0,119,26
639.0,194.0,120,26
639.0,194.0,121,26
639.0,194.0,122,26
639.0,194.0,123,26
639.0,194.0,124,26
639.0,194.0,125,26
639.0,194.0,126,26
639.0,194.0,127,26
639.0,194.0,128,26
639.0,194.0,129,26
639.0,194.0,130,26
639.0,194.0,131,26
639.0,194.0,132,26
638.0,194.0,133,26
639.0,194.0,134,26
638.0,194.0,135,26
639.0,194.0,136,26
639.0,194.0,137,26
639.0,194.0,138,26
639.0,194.0,139,26
639.0,194.0,140,26
639.0,194.0,141,26
639.0,194.0,142,26
639.0,194.0,143,26
639.0,194.0,144,26
639.0,194.0,145,26
639.0,194.0,146,26
639.0,194.0,147,26
639.0,194.0,148,26
639.0,194.0,149,26
639.0,194.0,150,26
639.0,194.0,151,26
639.0,194.0,152,26
639.0,194.0,153,26
639.0,194.0,154,26
639.0,194.0,155,26
639.0,194.0,156,26
639.0,194.0,157,26
639.0,194.0,158,26
638.0,194.0,159,26
639.0,194.0,160,26
639.0,194.0,161,26
639.0,194.0,162,26
639.0,194.0,163,26
639.0,194.0,164,26
639.0,194.0,165,26
639.0,194.0,166,26
639.0,194.0,167,26
639.0,194.0,168,26
638.0,194.0,169,26
639.0,194.0,170,26
639.0,194.0,171,26
639.0,194.0,172,26
639.0,194.0,173,26
639.0,194.0,174,26
639.0,194.0,175,26
639.0,194.0,176,26
639.0,194.0,177,26
639.0,194.0,178,26
639.0,194.0,179,26
639.0,194.0,180,26
639.0,194.0,181,26
639.0,194.0,182,26
639.0,194.0,183,26
639.0,194.0,184,26
639.0,194.0,185,26
639.0,194.0,186,26
639.0,194.0,187,26
639.0,194.0,188,26
639.0,194.0,189,26
639.0,194.0,190,26
639.0,194.0,191,26
639.0,194.0,192,26
639.0,194.0,193,26
639.0,194.0,194,26
639.0,194.0,195,26
639.0,194.0,196,26
639.0,194.0,197,26
639.0,194.0,198,26
639.0,194.0,199,26
639.0,194.0,200,26
639.0,194.0,201,26
639.0,194.0,202,26
639.0,194.0,203,26
639.0,194.0,204,26
639.0,194.0,205,26
639.0,194.0,206,26
639.0,194.0,207,26
639.0,194.0,208,26
639.0,194.0,209,26
639.0,194.0,210,26
638.0,194.0,211,26
639.0,194.0,212,26
639.0,194.0,213,26
639.0,194.0,214,26
639.0,194.0,215,26
639.0,194.0,216,26
639.0,194.0,217,26
639.0,194.0,218,26
639.0,194.0,219,26
639.0,194.0,220,26
639.0,194.0,221,26
639.0,194.0,222,26
639.0,194.0,223,26
639.0,194.0,224,26
639.0,194.0,225,26
639.0,194.0,226,26
639.0,194.0,227,26
639.0,194.0,228,26
639.0,194.0,229,26
639.0,194.0,230,26
639.0,194.0,231,26
639.0,194.0,232,26
639.0,194.0,233,26
639.0,194.0,234,26
639.0,194.0,235,26
639.0,194.0,236,26
639.0,194.0,237,26
638.0,194.0,238,26
639.0,194.0,239,26
639.0,194.0,240,26
639.0,194.0,241,26
639.0,194.0,242,26
639.0,194.0,243,26
639.0,194.0,244,26
639.0,194.0,245,26
639.0,194.0,246,26
639.0,194.0,247,26
639.0,194.0,248,26
639.0,194.0,249,26
639.0,194.0,250,26
639.0,194.0,251,26
639.0,194.0,252,26
639.0,194.0,253,26
639.0,194.0,254,26
639.0,194.0,255,26
639.0,194.0,256,26
639.0,194.0,257,26
639.0,194.0,258,26
639.0,194.0,259,26
639.0,194.0,260,26
638.0,194.0,261,26
639.0,194.0,262,26
639.0,194.0,263,26
659.0,124.0,0,27
659.0,124.0,1,27
659.0,124.0,2,27
659.0,124.0,3,27
659.0,124.0,4,27
659.0,123.0,5,27
659.0,124.0,6,27
659.0,124.0,7,27
659.0,123.0,8,27
659.0,123.0,9,27
659.0,123.0,10,27
659.0,123.0,11,27
659.0,123.0,12,27
659.0,122.0,13,27
659.0,122.0,14,27
659.0,122.0,15,27
659.0,121.0,16,27
660.0,121.0,17,27
659.0,121.0,18,27
660.0,121.0,19,27
660.0,121.0,20,27
660.0,121.0,21,27
660.0,121.0,22,27
660.0,120.0,23,27
660.0,120.0,24,27
660.0,120.0,25,27
660.0,120.0,26,27
660.0,120.0,27,27
660.0,120.0,28,27
660.0,120.0,29,27
660.0,120.0,30,27
660.0,120.0,31,27
660.0,120.0,32,27
661.0,119.0,33,27
661.0,119.0,34,27
660.0,118.0,35,27
660.0,118.0,36,27
661.0,118.0,37,27
660.0,118.0,38,27
660.0,118.0,39,27
661.0,118.0,40,27
661.0,118.0,41,27
661.0,118.0,42,27
661.0,118.0,43,27
661.0,118.0,44,27
661.0,118.0,45,27
661.0,117.0,46,27
661.0,117.0,47,27
661.0,117.0,48,27
661.0,117.0,49,27
661.0,117.0,50,27
661.0,117.0,51,27
661.0,116.0,52,27
662.0,116.0,53,27
662.0,116.0,54,27
662.0,116.0,55,27
662.0,116.0,56,27
662.0,116.0,57,27
662.0,116.0,58,27
662.0,115.0,59,27
662.0,115.0,60,27
662.0,116.0,61,27
661.0,116.0,62,27
661.0,115.0,63,27
661.0,115.0,64,27
662.0,114.0,65,27
662.0,115.0,66,27
662.0,114.0,67,27
662.0,114.0,68,27
662.0,114.0,69,27
662.0,114.0,70,27
662.0,114.0,71,27
662.0,114.0,72,27
662.0,114.0,73,27
662.0,114.0,74,27
662.0,114.0,75,27
662.0,114.0,76,27
662.0,113.0,77,27
662.0,114.0,78,27
662.0,113.0,79,27
663.0,112.0,80,27
662.0,112.0,81,27
662.0,112.0,82,27
662.0,112.0,83,27
662.0,113.0,84,27
662.0,113.0,85,27
663.0,112.0,86,27
663.0,111.0,87,27
662.0,111.0,88,27
662.0,111.0,89,27
662.0,112.0,90,27
662.0,111.0,91,27
662.0,111.0,92,27
662.0,110.0,93,27
663.0,111.0,94,27
662.0,111.0,95,27
662.0,111.0,96,27
662.0,110.0,97,27
663.0,110.0,98,27
663.0,110.0,99,27
663.0,110.0,100,27
662.0,110.0,101,27
663.0,109.0,102,27
663.0,109.0,103,27
663.0,108.0,104,27
663.0,109.0,105,27
663.0,109.0,106,27
663.0,109.0,107,27
663.0,109.0,108,27
663.0,109.0,109,27
663.0,108.0,110,27
663.0,109.0,111,27
663.0,108.0,112,27
663.0,108.0,113,27
663.0,108.0,114,27
663.0,108.0,115,27
663.0,108.0,116,27
663.0,108.0,117,27
663.0,108.0,118,27
663.0,108.0,119,27
663.0,108.0,120,27
663.0,108.0,121,27
663.0,108.0,122,27
663.0,108.0,123,27
663.0,108.0,124,27
663.0,108.0,125,27
663.0,108.0,126,27
663.0,107.0,127,27
663.0,108.0,128,27
663.0,108.0,129,27
663.0,106.0,130,27
663.0,106.0,131,27
663.0,106.0,132,27
663.0,106.0,133,27
663.0,106.0,134,27
663.0,106.0,135,27
663.0,106.0,136,27
663.0,106.0,137,27
662.0,107.0,138,27
662.0,107.0,139,27
663.0,106.0,140,27
663.0,106.0,141,27
662.0,106.0,142,27
662.0,107.0,143,27
662.0,107.0,144,27
662.0,106.0,145,27
662.0,106.0,146,27
663.0,106.0,147,27
663.0,105.0,148,27
663.0,105.0,149,27
663.0,105.0,150,27
663.0,106.0,151,27
663.0,104.0,152,27
663.0,105.0,153,27
663.0,105.0,154,27
663.0,105.0,155,27
662.0,106.0,156,27
662.0,106.0,157,27
662.0,106.0,158,27
662.0,105.0,159,27
662.0,105.0,160,27
662.0,105.0,161,27
662.0,105.0,162,27
662.0,105.0,163,27
662.0,104.0,164,27
663.0,104.0,165,27
663.0,104.0,166,27
663.0,104.0,167,27
663.0,104.0,168,27
663.0,103.0,169,27
663.0,103.0,170,27
663.0,103.0,171,27
663.0,103.0,172,27
663.0,103.0,173,27
663.0,103.0,174,27
663.0,103.0,175,27
663.0,103.0,176,27
663.0,103.0,177,27
663.0,103.0,178,27
663.0,103.0,179,27
663.0,104.0,180,27
663.0,104.0,181,27
663.0,104.0,182,27
663.0,103.0,183,27
663.0,103.0,184,27
663.0,103.0,185,27
663.0,104.0,186,27
663.0,104.0,187,27
663.0,103.0,188,27
663.0,103.0,189,27
664.0,103.0,190,27
664.0,102.0,191,27
664.0,102.0,192,27
664.0,102.0,193,27
664.0,102.0,194,27
664.0,102.0,195,27
664.0,102.0,196,27
664.0,101.0,197,27
664.0,102.0,198,27
664.0,102.0,199,27
664.0,102.0,200,27
664.0,102.0,201,27
664.0,101.0,202,27
664.0,101.0,203,27
664.0,102.0,204,27
664.0,102.0,205,27
664.0,102.0,206,27
664.0,102.0,207,27
664.0,101.0,208,27
664.0,101.0,209,27
665.0,101.0,210,27
665.0,100.0,211,27
664.0,101.0,212,27
664.0,101.0,213,27
664.0,100.0,214,27
665.0,100.0,215,27
664.0,100.0,216,27
664.0,100.0,217,27
664.0,100.0,218,27
664.0,100.0,219,27
664.0,100.0,220,27
665.0,99.0,221,27
664.0,100.0,222,27
664.0,100.0,223,27
665.0,99.0,224,27
664.0,99.0,225,27
664.0,99.0,226,27
664.0,99.0,227,27
664.0,99.0,228,27
664.0,99.0,229,27
664.0,98.0,230,27
664.0,98.0,231,27
664.0,98.0,232,27
664.0,98.0,233,27
664.0,98.0,234,27
664.0,98.0,235,27
664.0,98.0,236,27
664.0,98.0,237,27
664.0,98.0,238,27
664.0,97.0,239,27
664.0,97.0,240,27
664.0,97.0,241,27
664.0,97.0,242,27
664.0,97.0,243,27
664.0,96.0,244,27
664.0,96.0,245,27
664.0,97.0,246,27
664.0,96.0,247,27
664.0,96.0,248,27
664.0,96.0,249,27
664.0,96.0,250,27
664.0,96.0,251,27
664.0,96.0,252,27
664.0,96.0,253,27
664.0,96.0,254,27
664.0,96.0,255,27
664.0,96.0,256,27
664.0,96.0,257,27
664.0,96.0,258,27
664.0,96.0,259,27
664.0,96.0,260,27
664.0,96.0,261,27
664.0,95.0,262,27
664.0,94.0,263,27
669.0,979.0,0,28
668.0,979.0,1,28
668.0,979.0,2,28
668.0,979.0,3,28
668.0,979.0,4,28
668.0,979.0,5,28
668.0,979.0,6,28
668.0,979.0,7,28
668.0,979.0,8,28
668.0,979.0,9,28
668.0,979.0,10,28
668.0,979.0,11,28
668.0,979.0,12,28
668.0,979.0,13,28
668.0,979.0,14,28
668.0,979.0,15,28
668.0,979.0,16,28
668.0,979.0,17,28
668.0,979.0,18,28
668.0,979.0,19,28
668.0,979.0,20,28
668.0,979.0,21,28
668.0,979.0,22,28
668.0,979.0,23,28
668.0,979.0,24,28
668.0,979.0,25,28
668.0,979.0,26,28
668.0,979.0,27,28
668.0,979.0,28,28
668.0,979.0,29,28
668.0,979.0,30,28
668.0,979.0,31,28
668.0,979.0,32,28
668.0,979.0,33,28
669.0,979.0,34,28
668.0,979.0,35,28
668.0,979.0,36,28
668.0,979.0,37,28
668.0,979.0,38,28
668.0,979.0,39,28
668.0,979.0,40,28
668.0,979.0,41,28
668.0,979.0,42,28
668.0,979.0,43,28
668.0,979.0,44,28
668.0,979.0,45,28
668.0,979.0,46,28
668.0,979.0,47,28
668.0,979.0,48,28
668.0,979.0,49,28
668.0,979.0,50,28
669.0,979.0,51,28
680.0,458.0,0,29
680.0,458.0,1,29
681.0,458.0,2,29
680.0,458.0,3,29
680.0,458.0,4,29
680.0,458.0,5,29
680.0,458.0,6,29
681.0,458.0,7,29
681.0,458.0,8,29
680.0,458.0,9,29
681.0,457.0,10,29
680.0,458.0,11,29
680.0,458.0,12,29
680.0,458.0,13,29
681.0,458.0,14,29
681.0,457.0,15,29
680.0,458.0,16,29
680.0,458.0,17,29
681.0,458.0,18,29
680.0,458.0,19,29
681.0,457.0,20,29
680.0,458.0,21,29
680.0,458.0,22,29
687.0,455.0,23,29
680.0,458.0,24,29
680.0,458.0,25,29
680.0,458.0,26,29
680.0,458.0,27,29
680.0,458.0,28,29
680.0,458.0,29,29
680.0,458.0,30,29
680.0,458.0,31,29
680.0,458.0,32,29
681.0,458.0,33,29
680.0,458.0,34,29
681.0,457.0,35,29
680.0,458.0,36,29
680.0,458.0,37,29
680.0,458.0,38,29
681.0,458.0,39,29
681.0,458.0,40,29
681.0,458.0,41,29
680.0,458.0,42,29
681.0,458.0,43,29
680.0,458.0,44,29
680.0,458.0,45,29
681.0,458.0,46,29
680.0,458.0,47,29
681.0,458.0,48,29
680.0,458.0,49,29
680.0,458.0,50,29
681.0,457.0,51,29
680.0,458.0,52,29
681.0,457.0,53,29
680.0,458.0,54,29
680.0,458.0,55,29
680.0,458.0,56,29
681.0,457.0,57,29
681.0,457.0,58,29
680.0,458.0,59,29
681.0,458.0,60,29
680.0,458.0,61,29
681.0,458.0,62,29
680.0,458.0,63,29
681.0,457.0,64,29
680.0,458.0,65,29
681.0,458.0,66,29
680.0,458.0,67,29
680.0,458.0,68,29
681.0,458.0,69,29
680.0,458.0,70,29
681.0,458.0,71,29
680.0,458.0,72,29
680.0,458.0,73,29
681.0,457.0,74,29
681.0,458.0,75,29
680.0,458.0,76,29
681.0,457.0,77,29
681.0,458.0,78,29
680.0,458.0,79,29
680.0,458.0,80,29
680.0,458.0,81,29
680.0,458.0,82,29
681.0,458.0,83,29
681.0,458.0,84,29
680.0,458.0,85,29
681.0,458.0,86,29
680.0,458.0,87,29
681.0,458.0,88,29
680.0,458.0,89,29
681.0,458.0,90,29
680.0,458.0,91,29
680.0,458.0,92,29
680.0,458.0,93,29
680.0,458.0,94,29
681.0,458.0,95,29
680.0,458.0,96,29
681.0,457.0,97,29
681.0,458.0,98,29
680.0,458.0,99,29
681.0,458.0,100,29
680.0,458.0,101,29
681.0,458.0,102,29
681.0,458.0,103,29
681.0,457.0,104,29
681.0,457.0,105,29
681.0,458.0,106,29
680.0,458.0,107,29
680.0,458.0,108,29
680.0,458.0,109,29
680.0,458.0,110,29
681.0,458.0,111,29
681.0,457.0,112,29
681.0,457.0,113,29
680.0,458.0,114,29
681.0,458.0,115,29
681.0,458.0,116,29
681.0,457.0,117,29
680.0,458.0,118,29
681.0,458.0,119,29
680.0,458.0,120,29
680.0,458.0,121,29
681.0,457.0,122,29
680.0,458.0,123,29
680.0,458.0,124,29
680.0,458.0,125,29
680.0,458.0,126,29
681.0,457.0,127,29
680.0,458.0,128,29
680.0,458.0,129,29
680.0,458.0,130,29
680.0,458.0,131,29
681.0,457.0,132,29
680.0,458.0,133,29
680.0,458.0,134,29
680.0,458.0,135,29
680.0,458.0,136,29
681.0,458.0,137,29
680.0,458.0,138,29
681.0,457.0,139,29
681.0,458.0,140,29
680.0,458.0,141,29
681.0,458.0,142,29
681.0,458.0,143,29
680.0,458.0,144,29
680.0,458.0,145,29
680.0,458.0,146,29
680.0,458.0,147,29
680.0,458.0,148,29
680.0,458.0,149,29
681.0,458.0,150,29
680.0,458.0,151,29
680.0,458.0,152,29
680.0,458.0,153,29
681.0,457.0,154,29
681.0,457.0,155,29
680.0,458.0,156,29
681.0,457.0,157,29
680.0,458.0,158,29
680.0,458.0,159,29
681.0,457.0,160,29
681.0,458.0,161,29
680.0,458.0,162,29
680.0,458.0,163,29
680.0,458.0,164,29
680.0,458.0,165,29
680.0,458.0,166,29
680.0,458.0,167,29
680.0,458.0,168,29
681.0,458.0,169,29
681.0,458.0,170,29
681.0,458.0,171,29
680.0,458.0,172,29
680.0,458.0,173,29
681.0,457.0,174,29
680.0,458.0,175,29
680.0,458.0,176,29
680.0,458.0,177,29
686.0,457.0,178,29
680.0,458.0,179,29
680.0,458.0,180,29
682.0,458.0,181,29
680.0,458.0,182,29
681.0,457.0,183,29
680.0,458.0,184,29
680.0,458.0,185,29
680.0,458.0,186,29
680.0,458.0,187,29
680.0,458.0,188,29
680.0,458.0,189,29
681.0,457.0,190,29
681.0,458.0,191,29
681.0,457.0,192,29
681.0,458.0,193,29
680.0,458.0,194,29
680.0,458.0,195,29
681.0,458.0,196,29
681.0,458.0,197,29
681.0,458.0,198,29
680.0,458.0,199,29
680.0,458.0,200,29
681.0,457.0,201,29
681.0,458.0,202,29
681.0,458.0,203,29
680.0,458.0,204,29
681.0,458.0,205,29
680.0,458.0,206,29
680.0,458.0,207,29
680.0,458.0,208,29
680.0,458.0,209,29
681.0,457.0,210,29
681.0,458.0,211,29
681.0,458.0,212,29
681.0,458.0,213,29
680.0,458.0,214,29
680.0,458.0,215,29
681.0,457.0,216,29
680.0,458.0,217,29
680.0,458.0,218,29
680.0,458.0,219,29
681.0,458.0,220,29
681.0,458.0,221,29
681.0,458.0,222,29
680.0,458.0,223,29
681.0,458.0,224,29
680.0,458.0,225,29
680.0,458.0,226,29
680.0,458.0,227,29
680.0,458.0,228,29
680.0,458.0,229,29
681.0,457.0,230,29
680.0,458.0,231,29
681.0,458.0,232,29
681.0,458.0,233,29
681.0,458.0,234,29
680.0,458.0,235,29
680.0,458.0,236,29
680.0,458.0,237,29
681.0,458.0,238,29
680.0,458.0,239,29
680.0,458.0,240,29
680.0,458.0,241,29
680.0,458.0,242,29
680.0,458.0,243,29
680.0,458.0,244,29
681.0,458.0,245,29
681.0,457.0,246,29
680.0,458.0,247,29
680.0,458.0,248,29
680.0,458.0,249,29
680.0,458.0,250,29
681.0,458.0,251,29
681.0,457.0,252,29
680.0,458.0,253,29
681.0,457.0,254,29
680.0,458.0,255,29
680.0,458.0,256,29
680.0,458.0,257,29
681.0,458.0,258,29
681.0,457.0,259,29
680.0,458.0,260,29
680.0,458.0,261,29
681.0,458.0,262,29
680.0,458.0,263,29
745.0,499.0,0,30
745.0,499.0,1,30
746.0,498.0,2,30
746.0,498.0,3,30
745.0,499.0,4,30
746.0,498.0,5,30
745.0,499.0,6,30
746.0,498.0,7,30
745.0,499.0,8,30
745.0,499.0,9,30
745.0,499.0,10,30
745.0,499.0,11,30
745.0,499.0,12,30
746.0,498.0,13,30
745.0,499.0,14,30
745.0,499.0,15,30
745.0,499.0,16,30
745.0,499.0,17,30
745.0,499.0,18,30
745.0,499.0,19,30
746.0,498.0,20,30
746.0,498.0,21,30
745.0,499.0,22,30
745.0,499.0,23,30
745.0,499.0,24,30
745.0,499.0,25,30
746.0,498.0,26,30
745.0,499.0,27,30
745.0,499.0,28,30
745.0,499.0,29,30
745.0,499.0,30,30
745.0,499.0,31,30
745.0,499.0,32,30
746.0,498.0,33,30
745.0,499.0,34,30
746.0,498.0,35,30
745.0,499.0,36,30
746.0,498.0,37,30
745.0,499.0,38,30
745.0,499.0,39,30
745.0,499.0,40,30
745.0,499.0,41,30
745.0,499.0,42,30
745.0,499.0,43,30
745.0,499.0,44,30
745.0,499.0,45,30
745.0,499.0,46,30
745.0,499.0,47,30
746.0,498.0,48,30
745.0,499.0,49,30
745.0,499.0,50,30
745.0,499.0,51,30
746.0,498.0,52,30
745.0,499.0,53,30
746.0,498.0,54,30
745.0,499.0,55,30
745.0,499.0,56,30
746.0,498.0,57,30
746.0,498.0,58,30
745.0,499.0,59,30
745.0,499.0,60,30
746.0,498.0,61,30
745.0,499.0,62,30
745.0,499.0,63,30
745.0,499.0,64,30
746.0,498.0,65,30
745.0,499.0,66,30
746.0,498.0,67,30
745.0,499.0,68,30
745.0,499.0,69,30
745.0,499.0,70,30
746.0,498.0,71,30
746.0,498.0,72,30
745.0,499.0,73,30
745.0,499.0,74,30
745.0,499.0,75,30
745.0,499.0,76,30
745.0,499.0,77,30
746.0,498.0,78,30
746.0,498.0,79,30
745.0,499.0,80,30
745.0,499.0,81,30
746.0,498.0,82,30
746.0,498.0,83,30
745.0,499.0,84,30
745.0,499.0,85,30
745.0,499.0,86,30
746.0,498.0,87,30
746.0,498.0,88,30
746.0,498.0,89,30
745.0,499.0,90,30
746.0,498.0,91,30
745.0,499.0,92,30
745.0,499.0,93,30
745.0,499.0,94,30
745.0,499.0,95,30
745.0,499.0,96,30
745.0,499.0,97,30
745.0,499.0,98,30
746.0,498.0,99,30
746.0,498.0,100,30
745.0,499.0,101,30
745.0,499.0,102,30
745.0,499.0,103,30
745.0,499.0,104,30
746.0,498.0,105,30
745.0,499.0,106,30
746.0,498.0,107,30
745.0,499.0,108,30
745.0,499.0,109,30
745.0,499.0,110,30
746.0,498.0,111,30
745.0,499.0,112,30
745.0,499.0,113,30
745.0,499.0,114,30
745.0,499.0,115,30
745.0,499.0,116,30
745.0,499.0,117,30
745.0,499.0,118,30
745.0,499.0,119,30
746.0,498.0,120,30
745.0,499.0,121,30
745.0,499.0,122,30
746.0,498.0,123,30
745.0,499.0,124,30
745.0,499.0,125,30
746.0,498.0,126,30
745.0,499.0,127,30
745.0,499.0,128,30
745.0,499.0,129,30
746.0,498.0,130,30
745.0,499.0,131,30
745.0,499.0,132,30
746.0,498.0,133,30
745.0,499.0,134,30
745.0,499.0,135,30
746.0,498.0,136,30
746.0,498.0,137,30
745.0,499.0,138,30
745.0,499.0,139,30
746.0,498.0,140,30
746.0,498.0,141,30
745.0,499.0,142,30
745.0,499.0,143,30
746.0,498.0,144,30
745.0,499.0,145,30
745.0,499.0,146,30
745.0,499.0,147,30
746.0,498.0,148,30
745.0,499.0,149,30
745.0,499.0,150,30
745.0,499.0,151,30
745.0,499.0,152,30
746.0,498.0,153,30
745.0,499.0,154,30
745.0,499.0,155,30
746.0,498.0,156,30
745.0,499.0,157,30
746.0,498.0,158,30
745.0,499.0,159,30
746.0,498.0,160,30
745.0,499.0,161,30
745.0,499.0,162,30
745.0,499.0,163,30
745.0,499.0,164,30
745.0,499.0,165,30
745.0,499.0,166,30
745.0,499.0,167,30
745.0,499.0,168,30
745.0,499.0,169,30
745.0,499.0,170,30
745.0,499.0,171,30
745.0,499.0,172,30
745.0,499.0,173,30
746.0,498.0,174,30
745.0,499.0,175,30
746.0,498.0,176,30
745.0,499.0,177,30
745.0,499.0,178,30
745.0,499.0,179,30
745.0,499.0,180,30
745.0,499.0,181,30
745.0,499.0,182,30
745.0,499.0,183,30
745.0,499.0,184,30
746.0,498.0,185,30
745.0,499.0,186,30
745.0,499.0,187,30
745.0,499.0,188,30
745.0,499.0,189,30
745.0,499.0,190,30
745.0,499.0,191,30
745.0,499.0,192,30
746.0,498.0,193,30
745.0,499.0,194,30
746.0,498.0,195,30
745.0,499.0,196,30
745.0,499.0,197,30
745.0,499.0,198,30
745.0,499.0,199,30
745.0,499.0,200,30
745.0,499.0,201,30
745.0,499.0,202,30
745.0,499.0,203,30
745.0,499.0,204,30
745.0,499.0,205,30
745.0,499.0,206,30
746.0,498.0,207,30
746.0,498.0,208,30
745.0,499.0,209,30
745.0,499.0,210,30
745.0,499.0,211,30
746.0,498.0,212,30
745.0,499.0,213,30
746.0,498.0,214,30
746.0,498.0,215,30
745.0,499.0,216,30
745.0,499.0,217,30
746.0,498.0,218,30
746.0,498.0,219,30
746.0,498.0,220,30
746.0,498.0,221,30
745.0,499.0,222,30
746.0,498.0,223,30
745.0,499.0,224,30
745.0,499.0,225,30
745.0,499.0,226,30
746.0,498.0,227,30
745.0,499.0,228,30
745.0,499.0,229,30
746.0,498.0,230,30
745.0,498.0,231,30
746.0,498.0,232,30
746.0,498.0,233,30
746.0,498.0,234,30
746.0,498.0,235,30
745.0,499.0,236,30
746.0,498.0,237,30
745.0,499.0,238,30
746.0,498.0,239,30
745.0,499.0,240,30
745.0,499.0,241,30
745.0,499.0,242,30
745.0,499.0,243,30
745.0,499.0,244,30
746.0,498.0,245,30
746.0,498.0,246,30
745.0,499.0,247,30
746.0,498.0,248,30
745.0,499.0,249,30
745.0,499.0,250,30
745.0,499.0,251,30
746.0,498.0,252,30
746.0,498.0,253,30
745.0,499.0,254,30
746.0,498.0,255,30
745.0,498.0,256,30
746.0,498.0,257,30
746.0,498.0,258,30
746.0,498.0,259,30
745.0,499.0,260,30
746.0,498.0,261,30
745.0,499.0,262,30
746.0,498.0,263,30
762.0,238.0,0,31
762.0,238.0,1,31
762.0,238.0,2,31
762.0,238.0,3,31
762.0,238.0,4,31
762.0,238.0,5,31
762.0,238.0,6,31
762.0,238.0,7,31
762.0,238.0,8,31
762.0,238.0,9,31
762.0,238.0,10,31
762.0,238.0,11,31
762.0,238.0,12,31
762.0,238.0,13,31
762.0,238.0,14,31
762.0,238.0,15,31
762.0,238.0,16,31
762.0,238.0,17,31
762.0,238.0,18,31
762.0,238.0,19,31
762.0,238.0,20,31
762.0,238.0,21,31
762.0,238.0,22,31
762.0,238.0,23,31
762.0,238.0,24,31
762.0,238.0,25,31
762.0,238.0,26,31
762.0,238.0,27,31
762.0,238.0,28,31
762.0,238.0,29,31
762.0,238.0,30,31
762.0,238.0,31,31
762.0,238.0,32,31
762.0,238.0,33,31
762.0,238.0,34,31
762.0,238.0,35,31
762.0,238.0,36,31
762.0,238.0,37,31
762.0,238.0,38,31
762.0,238.0,39,31
762.0,238.0,40,31
762.0,238.0,41,31
762.0,238.0,42,31
762.0,238.0,43,31
762.0,238.0,44,31
762.0,238.0,45,31
762.0,238.0,46,31
762.0,238.0,47,31
762.0,238.0,48,31
762.0,238.0,49,31
762.0,238.0,50,31
762.0,238.0,51,31
762.0,238.0,52,31
762.0,238.0,53,31
762.0,238.0,54,31
762.0,238.0,55,31
762.0,238.0,56,31
762.0,238.0,57,31
762.0,238.0,58,31
762.0,238.0,59,31
762.0,238.0,60,31
762.0,238.0,61,31
762.0,238.0,62,31
762.0,238.0,63,31
762.0,238.0,64,31
762.0,238.0,65,31
762.0,238.0,66,31
762.0,238.0,67,31
762.0,238.0,68,31
762.0,238.0,69,31
762.0,238.0,70,31
762.0,238.0,71,31
762.0,238.0,72,31
762.0,238.0,73,31
762.0,238.0,74,31
762.0,238.0,75,31
762.0,238.0,76,31
762.0,238.0,77,31
762.0,238.0,78,31
762.0,238.0,79,31
762.0,238.0,80,31
762.0,238.0,81,31
762.0,238.0,82,31
762.0,238.0,83,31
762.0,238.0,84,31
762.0,238.0,85,31
762.0,238.0,86,31
762.0,238.0,87,31
762.0,238.0,88,31
762.0,238.0,89,31
762.0,238.0,90,31
762.0,238.0,91,31
762.0,238.0,92,31
762.0,238.0,93,31
762.0,238.0,94,31
762.0,238.0,95,31
762.0,238.0,96,31
762.0,238.0,97,31
762.0,238.0,98,31
762.0,238.0,99,31
762.0,238.0,100,31
762.0,238.0,101,31
762.0,238.0,102,31
762.0,238.0,103,31
762.0,238.0,104,31
762.0,238.0,105,31
762.0,238.0,106,31
762.0,238.0,107,31
762.0,238.0,108,31
762.0,238.0,109,31
762.0,238.0,110,31
762.0,238.0,111,31
762.0,238.0,112,31
762.0,238.0,113,31
762.0,238.0,114,31
762.0,238.0,115,31
762.0,238.0,116,31
762.0,238.0,117,31
762.0,238.0,118,31
762.0,238.0,119,31
762.0,238.0,120,31
762.0,238.0,121,31
762.0,238.0,122,31
762.0,238.0,123,31
762.0,238.0,124,31
762.0,238.0,125,31
762.0,238.0,126,31
762.0,238.0,127,31
762.0,238.0,128,31
762.0,238.0,129,31
762.0,238.0,130,31
762.0,238.0,131,31
762.0,238.0,132,31
762.0,238.0,133,31
762.0,238.0,134,31
762.0,238.0,135,31
762.0,238.0,136,31
762.0,238.0,137,31
762.0,238.0,138,31
762.0,238.0,139,31
762.0,238.0,140,31
762.0,238.0,141,31
762.0,238.0,142,31
762.0,238.0,143,31
762.0,238.0,144,31
762.0,238.0,145,31
762.0,238.0,146,31
762.0,238.0,147,31
762.0,238.0,148,31
762.0,238.0,149,31
762.0,238.0,150,31
762.0,238.0,151,31
762.0,238.0,152,31
762.0,238.0,153,31
762.0,238.0,154,31
762.0,238.0,155,31
762.0,238.0,156,31
762.0,238.0,157,31
762.0,238.0,158,31
762.0,238.0,159,31
762.0,238.0,160,31
762.0,238.0,161,31
762.0,238.0,162,31
762.0,238.0,163,31
762.0,238.0,164,31
762.0,238.0,165,31
762.0,238.0,166,31
762.0,238.0,167,31
762.0,238.0,168,31
762.0,238.0,169,31
762.0,238.0,170,31
762.0,238.0,171,31
762.0,238.0,172,31
762.0,238.0,173,31
762.0,238.0,174,31
762.0,238.0,175,31
762.0,238.0,176,31
762.0,238.0,177,31
762.0,238.0,178,31
762.0,238.0,179,31
762.0,238.0,180,31
762.0,238.0,181,31
762.0,238.0,182,31
762.0,238.0,183,31
762.0,238.0,184,31
762.0,238.0,185,31
762.0,238.0,186,31
762.0,238.0,187,31
762.0,238.0,188,31
762.0,238.0,189,31
762.0,238.0,190,31
762.0,238.0,191,31
762.0,238.0,192,31
762.0,238.0,193,31
762.0,238.0,194,31
762.0,238.0,195,31
762.0,238.0,196,31
762.0,238.0,197,31
762.0,238.0,198,31
762.0,238.0,199,31
762.0,238.0,200,31
762.0,238.0,201,31
762.0,238.0,202,31
762.0,238.0,203,31
762.0,238.0,204,31
762.0,238.0,205,31
762.0,238.0,206,31
762.0,238.0,207,31
762.0,238.0,208,31
762.0,238.0,209,31
762.0,238.0,210,31
762.0,238.0,211,31
762.0,238.0,212,31
762.0,238.0,213,31
762.0,238.0,214,31
762.0,238.0,215,31
762.0,238.0,216,31
762.0,238.0,217,31
762.0,238.0,218,31
762.0,238.0,219,31
762.0,238.0,220,31
762.0,238.0,221,31
762.0,238.0,222,31
762.0,238.0,223,31
762.0,238.0,224,31
762.0,238.0,225,31
762.0,238.0,226,31
762.0,238.0,227,31
762.0,238.0,228,31
762.0,238.0,229,31
762.0,238.0,230,31
762.0,238.0,231,31
762.0,238.0,232,31
762.0,238.0,233,31
762.0,238.0,234,31
762.0,238.0,235,31
762.0,238.0,236,31
762.0,238.0,237,31
762.0,238.0,238,31
762.0,238.0,239,31
762.0,238.0,240,31
762.0,238.0,241,31
762.0,238.0,242,31
762.0,238.0,243,31
762.0,238.0,244,31
762.0,238.0,245,31
762.0,238.0,246,31
762.0,238.0,247,31
762.0,238.0,248,31
762.0,238.0,249,31
762.0,238.0,250,31
762.0,238.0,251,31
762.0,238.0,252,31
762.0,238.0,253,31
762.0,238.0,254,31
762.0,238.0,255,31
762.0,238.0,256,31
762.0,238.0,257,31
762.0,238.0,258,31
762.0,238.0,259,31
762.0,238.0,260,31
762.0,238.0,261,31
762.0,238.0,262,31
762.0,238.0,263,31
772.0,272.0,0,32
772.0,272.0,1,32
772.0,272.0,2,32
772.0,272.0,3,32
772.0,272.0,4,32
772.0,272.0,5,32
772.0,272.0,6,32
772.0,272.0,7,32
751.0,258.0,8,32
751.0,258.0,9,32
751.0,259.0,10,32
752.0,258.0,11,32
751.0,259.0,12,32
752.0,258.0,13,32
750.0,258.0,14,32
750.0,258.0,15,32
752.0,258.0,16,32
750.0,258.0,17,32
751.0,259.0,18,32
751.0,259.0,19,32
752.0,258.0,20,32
751.0,259.0,21,32
752.0,258.0,22,32
751.0,258.0,23,32
752.0,258.0,24,32
751.0,258.0,25,32
752.0,258.0,26,32
752.0,258.0,27,32
752.0,258.0,28,32
751.0,259.0,29,32
752.0,258.0,30,32
752.0,258.0,31,32
752.0,258.0,32,32
752.0,258.0,33,32
752.0,258.0,34,32
752.0,258.0,35,32
751.0,258.0,36,32
752.0,258.0,37,32
752.0,258.0,38,32
752.0,258.0,39,32
750.0,258.0,40,32
752.0,258.0,41,32
751.0,258.0,42,32
752.0,258.0,43,32
751.0,258.0,44,32
752.0,258.0,45,32
751.0,258.0,46,32
751.0,258.0,47,32
752.0,258.0,48,32
752.0,258.0,49,32
751.0,258.0,50,32
752.0,258.0,51,32
751.0,258.0,52,32
751.0,258.0,53,32
752.0,258.0,54,32
751.0,258.0,55,32
751.0,259.0,56,32
751.0,258.0,57,32
751.0,259.0,58,32
751.0,258.0,59,32
752.0,258.0,60,32
751.0,258.0,61,32
752.0,258.0,62,32
751.0,258.0,63,32
752.0,258.0,64,32
751.0,258.0,65,32
750.0,258.0,66,32
752.0,258.0,67,32
752.0,258.0,68,32
752.0,258.0,69,32
752.0,258.0,70,32
752.0,258.0,71,32
750.0,258.0,72,32
752.0,258.0,73,32
750.0,258.0,74,32
752.0,258.0,75,32
751.0,258.0,76,32
752.0,258.0,77,32
751.0,259.0,78,32
752.0,258.0,79,32
751.0,259.0,80,32
752.0,258.0,81,32
751.0,259.0,82,32
751.0,258.0,83,32
751.0,259.0,84,32
751.0,258.0,85,32
752.0,258.0,86,32
751.0,258.0,87,32
752.0,258.0,88,32
752.0,258.0,89,32
752.0,258.0,90,32
751.0,258.0,91,32
751.0,258.0,92,32
750.0,258.0,93,32
752.0,259.0,94,32
751.0,258.0,95,32
752.0,258.0,96,32
751.0,258.0,97,32
752.0,258.0,98,32
751.0,258.0,99,32
752.0,259.0,100,32
751.0,258.0,101,32
752.0,258.0,102,32
751.0,258.0,103,32
751.0,258.0,104,32
751.0,258.0,105,32
752.0,258.0,106,32
751.0,258.0,107,32
752.0,258.0,108,32
751.0,258.0,109,32
752.0,258.0,110,32
751.0,258.0,111,32
752.0,258.0,112,32
751.0,258.0,113,32
752.0,258.0,114,32
751.0,258.0,115,32
752.0,258.0,116,32
751.0,258.0,117,32
752.0,258.0,118,32
752.0,258.0,119,32
752.0,258.0,120,32
751.0,259.0,121,32
752.0,258.0,122,32
751.0,258.0,123,32
751.0,258.0,124,32
751.0,258.0,125,32
752.0,258.0,126,32
750.0,258.0,127,32
751.0,258.0,128,32
751.0,258.0,129,32
751.0,258.0,130,32
751.0,258.0,131,32
751.0,258.0,132,32
750.0,258.0,133,32
752.0,258.0,134,32
751.0,258.0,135,32
752.0,258.0,136,32
751.0,258.0,137,32
750.0,258.0,138,32
752.0,258.0,139,32
750.0,258.0,140,32
751.0,258.0,141,32
751.0,258.0,142,32
751.0,258.0,143,32
751.0,258.0,144,32
752.0,258.0,145,32
750.0,258.0,146,32
752.0,259.0,147,32
751.0,258.0,148,32
751.0,258.0,149,32
751.0,258.0,150,32
752.0,259.0,151,32
751.0,258.0,152,32
752.0,259.0,153,32
751.0,258.0,154,32
751.0,258.0,155,32
751.0,258.0,156,32
751.0,258.0,157,32
751.0,258.0,158,32
751.0,258.0,159,32
751.0,258.0,160,32
751.0,258.0,161,32
751.0,258.0,162,32
751.0,258.0,163,32
752.0,258.0,164,32
751.0,258.0,165,32
751.0,258.0,166,32
751.0,258.0,167,32
751.0,258.0,168,32
751.0,258.0,169,32
751.0,258.0,170,32
751.0,258.0,171,32
751.0,258.0,172,32
751.0,258.0,173,32
751.0,258.0,174,32
751.0,258.0,175,32
751.0,258.0,176,32
752.0,258.0,177,32
751.0,258.0,178,32
751.0,258.0,179,32
751.0,258.0,180,32
751.0,258.0,181,32
751.0,258.0,182,32
751.0,258.0,183,32
751.0,258.0,184,32
751.0,258.0,185,32
751.0,258.0,186,32
751.0,258.0,187,32
751.0,258.0,188,32
751.0,258.0,189,32
751.0,258.0,190,32
751.0,258.0,191,32
751.0,258.0,192,32
751.0,258.0,193,32
752.0,258.0,194,32
751.0,258.0,195,32
751.0,258.0,196,32
751.0,258.0,197,32
751.0,258.0,198,32
751.0,258.0,199,32
751.0,258.0,200,32
751.0,258.0,201,32
751.0,258.0,202,32
751.0,258.0,203,32
751.0,258.0,204,32
751.0,258.0,205,32
751.0,258.0,206,32
751.0,258.0,207,32
751.0,258.0,208,32
750.0,258.0,209,32
751.0,258.0,210,32
751.0,258.0,211,32
751.0,258.0,212,32
751.0,258.0,213,32
751.0,258.0,214,32
751.0,258.0,215,32
751.0,258.0,216,32
751.0,258.0,217,32
751.0,257.0,218,32
750.0,258.0,219,32
751.0,257.0,220,32
751.0,258.0,221,32
751.0,258.0,222,32
752.0,258.0,223,32
751.0,258.0,224,32
751.0,258.0,225,32
751.0,258.0,226,32
752.0,258.0,227,32
751.0,258.0,228,32
752.0,258.0,229,32
751.0,258.0,230,32
750.0,258.0,231,32
752.0,258.0,232,32
751.0,258.0,233,32
751.0,258.0,234,32
751.0,258.0,235,32
751.0,258.0,236,32
751.0,258.0,237,32
751.0,258.0,238,32
751.0,258.0,239,32
752.0,258.0,240,32
751.0,258.0,241,32
752.0,258.0,242,32
751.0,258.0,243,32
750.0,258.0,244,32
751.0,258.0,245,32
751.0,258.0,246,32
751.0,258.0,247,32
752.0,258.0,248,32
751.0,258.0,249,32
752.0,258.0,250,32
751.0,258.0,251,32
752.0,258.0,252,32
751.0,258.0,253,32
751.0,257.0,254,32
751.0,258.0,255,32
751.0,258.0,256,32
751.0,258.0,257,32
751.0,258.0,258,32
752.0,258.0,259,32
751.0,258.0,260,32
750.0,258.0,261,32
751.0,258.0,262,32
751.0,258.0,263,32
826.0,826.0,0,33
826.0,826.0,1,33
826.0,826.0,2,33
826.0,826.0,3,33
826.0,826.0,4,33
826.0,826.0,5,33
826.0,826.0,6,33
826.0,826.0,7,33
826.0,826.0,8,33
826.0,826.0,9,33
826.0,826.0,10,33
826.0,826.0,11,33
826.0,826.0,12,33
826.0,826.0,13,33
826.0,826.0,14,33
826.0,826.0,15,33
826.0,826.0,16,33
826.0,826.0,17,33
826.0,826.0,18,33
826.0,826.0,19,33
826.0,826.0,20,33
826.0,826.0,21,33
826.0,826.0,22,33
826.0,826.0,23,33
826.0,826.0,24,33
827.0,826.0,25,33
826.0,826.0,26,33
826.0,826.0,27,33
826.0,826.0,28,33
826.0,826.0,29,33
826.0,826.0,30,33
826.0,826.0,31,33
826.0,826.0,32,33
826.0,826.0,33,33
826.0,826.0,34,33
826.0,826.0,35,33
826.0,826.0,36,33
826.0,826.0,37,33
826.0,826.0,38,33
826.0,826.0,39,33
826.0,826.0,40,33
826.0,826.0,41,33
826.0,826.0,42,33
826.0,826.0,43,33
826.0,826.0,44,33
827.0,826.0,45,33
826.0,826.0,46,33
826.0,826.0,47,33
826.0,826.0,48,33
826.0,826.0,49,33
826.0,826.0,50,33
826.0,826.0,51,33
826.0,826.0,52,33
826.0,826.0,53,33
826.0,826.0,54,33
826.0,826.0,55,33
826.0,826.0,56,33
826.0,826.0,57,33
826.0,826.0,58,33
826.0,826.0,59,33
826.0,826.0,60,33
826.0,826.0,61,33
826.0,826.0,62,33
826.0,826.0,63,33
826.0,826.0,64,33
826.0,826.0,65,33
826.0,826.0,66,33
826.0,826.0,67,33
826.0,826.0,68,33
826.0,826.0,69,33
827.0,826.0,70,33
826.0,826.0,71,33
827.0,826.0,72,33
826.0,826.0,73,33
826.0,826.0,74,33
826.0,826.0,75,33
826.0,826.0,76,33
826.0,826.0,77,33
826.0,826.0,78,33
826.0,826.0,79,33
826.0,826.0,80,33
826.0,826.0,81,33
826.0,826.0,82,33
826.0,826.0,83,33
827.0,826.0,84,33
826.0,826.0,85,33
826.0,826.0,86,33
826.0,826.0,87,33
826.0,826.0,88,33
826.0,826.0,89,33
826.0,826.0,90,33
826.0,826.0,91,33
826.0,826.0,92,33
826.0,826.0,93,33
826.0,826.0,94,33
826.0,826.0,95,33
826.0,826.0,96,33
826.0,826.0,97,33
826.0,826.0,98,33
826.0,826.0,99,33
826.0,826.0,100,33
826.0,826.0,101,33
826.0,826.0,102,33
826.0,826.0,103,33
826.0,826.0,104,33
826.0,826.0,105,33
826.0,826.0,106,33
826.0,826.0,107,33
826.0,826.0,108,33
826.0,826.0,109,33
826.0,826.0,110,33
826.0,826.0,111,33
826.0,826.0,112,33
826.0,826.0,113,33
826.0,826.0,114,33
826.0,826.0,115,33
826.0,826.0,116,33
826.0,826.0,117,33
826.0,826.0,118,33
826.0,826.0,119,33
826.0,826.0,120,33
826.0,826.0,121,33
826.0,826.0,122,33
826.0,826.0,123,33
826.0,826.0,124,33
826.0,826.0,125,33
826.0,826.0,126,33
826.0,826.0,127,33
826.0,826.0,128,33
826.0,826.0,129,33
826.0,826.0,130,33
826.0,826.0,131,33
826.0,826.0,132,33
826.0,826.0,133,33
826.0,826.0,134,33
826.0,826.0,135,33
826.0,826.0,136,33
826.0,826.0,137,33
826.0,826.0,138,33
826.0,826.0,139,33
826.0,826.0,140,33
826.0,826.0,141,33
826.0,826.0,142,33
826.0,826.0,143,33
826.0,826.0,144,33
826.0,826.0,145,33
826.0,826.0,146,33
826.0,826.0,147,33
826.0,826.0,148,33
826.0,826.0,149,33
826.0,826.0,150,33
826.0,826.0,151,33
826.0,826.0,152,33
826.0,826.0,153,33
826.0,826.0,154,33
826.0,826.0,155,33
826.0,826.0,156,33
826.0,826.0,157,33
826.0,826.0,158,33
826.0,826.0,159,33
826.0,826.0,160,33
826.0,826.0,161,33
826.0,826.0,162,33
826.0,826.0,163,33
826.0,826.0,164,33
826.0,826.0,165,33
826.0,826.0,166,33
826.0,826.0,167,33
826.0,826.0,168,33
826.0,826.0,169,33
826.0,826.0,170,33
826.0,826.0,171,33
826.0,826.0,172,33
826.0,826.0,173,33
826.0,826.0,174,33
826.0,826.0,175,33
826.0,826.0,176,33
826.0,826.0,177,33
826.0,826.0,178,33
826.0,826.0,179,33
826.0,826.0,180,33
826.0,826.0,181,33
826.0,826.0,182,33
826.0,826.0,183,33
826.0,826.0,184,33
826.0,826.0,185,33
826.0,826.0,186,33
826.0,826.0,187,33
826.0,826.0,188,33
826.0,826.0,189,33
826.0,826.0,190,33
826.0,826.0,191,33
826.0,826.0,192,33
826.0,826.0,193,33
826.0,826.0,194,33
826.0,826.0,195,33
826.0,826.0,196,33
826.0,826.0,197,33
826.0,826.0,198,33
826.0,826.0,199,33
826.0,826.0,200,33
826.0,826.0,201,33
826.0,826.0,202,33
826.0,826.0,203,33
826.0,826.0,204,33
826.0,826.0,205,33
826.0,826.0,206,33
826.0,826.0,207,33
826.0,826.0,208,33
826.0,826.0,209,33
826.0,826.0,210,33
826.0,826.0,211,33
826.0,826.0,212,33
826.0,826.0,213,33
826.0,826.0,214,33
826.0,826.0,215,33
826.0,826.0,216,33
826.0,826.0,217,33
826.0,826.0,218,33
826.0,826.0,219,33
826.0,826.0,220,33
826.0,826.0,221,33
826.0,826.0,222,33
826.0,826.0,223,33
826.0,826.0,224,33
826.0,826.0,225,33
827.0,826.0,226,33
826.0,826.0,227,33
826.0,826.0,228,33
826.0,826.0,229,33
827.0,826.0,230,33
826.0,826.0,231,33
826.0,826.0,232,33
826.0,826.0,233,33
826.0,826.0,234,33
826.0,826.0,235,33
826.0,826.0,236,33
826.0,826.0,237,33
826.0,826.0,238,33
826.0,826.0,239,33
826.0,826.0,240,33
826.0,826.0,241,33
826.0,826.0,242,33
826.0,826.0,243,33
826.0,826.0,244,33
826.0,826.0,245,33
826.0,826.0,246,33
826.0,826.0,247,33
826.0,826.0,248,33
827.0,826.0,249,33
826.0,826.0,250,33
826.0,826.0,251,33
826.0,826.0,252,33
826.0,826.0,253,33
826.0,826.0,254,33
826.0,826.0,255,33
826.0,826.0,256,33
826.0,826.0,257,33
826.0,826.0,258,33
826.0,826.0,259,33
826.0,826.0,260,33
826.0,826.0,261,33
826.0,826.0,262,33
826.0,826.0,263,33
861.0,268.0,0,34
861.0,268.0,1,34
861.0,268.0,2,34
861.0,268.0,3,34
860.0,268.0,4,34
861.0,267.0,5,34
861.0,268.0,6,34
861.0,267.0,7,34
861.0,267.0,8,34
861.0,267.0,9,34
860.0,267.0,10,34
861.0,267.0,11,34
860.0,267.0,12,34
860.0,267.0,13,34
860.0,267.0,14,34
860.0,267.0,15,34
861.0,266.0,16,34
861.0,266.0,17,34
860.0,267.0,18,34
861.0,266.0,19,34
861.0,266.0,20,34
861.0,266.0,21,34
860.0,266.0,22,34
860.0,266.0,23,34
860.0,266.0,24,34
860.0,266.0,25,34
860.0,266.0,26,34
860.0,266.0,27,34
860.0,266.0,28,34
861.0,265.0,29,34
861.0,265.0,30,34
861.0,265.0,31,34
861.0,265.0,32,34
861.0,264.0,33,34
861.0,265.0,34,34
861.0,264.0,35,34
861.0,264.0,36,34
861.0,264.0,37,34
861.0,264.0,38,34
861.0,264.0,39,34
861.0,264.0,40,34
861.0,264.0,41,34
861.0,264.0,42,34
861.0,264.0,43,34
861.0,264.0,44,34
862.0,264.0,45,34
861.0,264.0,46,34
862.0,264.0,47,34
861.0,264.0,48,34
862.0,264.0,49,34
862.0,264.0,50,34
862.0,264.0,51,34
862.0,264.0,52,34
862.0,264.0,53,34
862.0,264.0,54,34
862.0,264.0,55,34
862.0,264.0,56,34
862.0,264.0,57,34
862.0,263.0,58,34
862.0,264.0,59,34
862.0,264.0,60,34
862.0,264.0,61,34
862.0,263.0,62,34
862.0,264.0,63,34
862.0,263.0,64,34
862.0,263.0,65,34
862.0,263.0,66,34
862.0,263.0,67,34
862.0,263.0,68,34
862.0,263.0,69,34
862.0,263.0,70,34
862.0,263.0,71,34
862.0,263.0,72,34
862.0,263.0,73,34
863.0,263.0,74,34
863.0,263.0,75,34
863.0,262.0,76,34
863.0,263.0,77,34
863.0,262.0,78,34
863.0,262.0,79,34
863.0,262.0,80,34
863.0,262.0,81,34
863.0,262.0,82,34
863.0,262.0,83,34
863.0,262.0,84,34
863.0,262.0,85,34
863.0,262.0,86,34
863.0,262.0,87,34
863.0,262.0,88,34
863.0,262.0,89,34
863.0,262.0,90,34
863.0,262.0,91,34
863.0,262.0,92,34
863.0,262.0,93,34
863.0,262.0,94,34
863.0,262.0,95,34
863.0,262.0,96,34
863.0,262.0,97,34
863.0,262.0,98,34
863.0,262.0,99,34
863.0,262.0,100,34
863.0,262.0,101,34
863.0,262.0,102,34
863.0,262.0,103,34
863.0,262.0,104,34
863.0,262.0,105,34
863.0,262.0,106,34
863.0,262.0,107,34
863.0,262.0,108,34
863.0,262.0,109,34
863.0,262.0,110,34
863.0,262.0,111,34
863.0,262.0,112,34
863.0,262.0,113,34
863.0,262.0,114,34
863.0,262.0,115,34
863.0,262.0,116,34
863.0,262.0,117,34
863.0,262.0,118,34
863.0,262.0,119,34
863.0,262.0,120,34
863.0,262.0,121,34
863.0,262.0,122,34
863.0,262.0,123,34
863.0,262.0,124,34
863.0,262.0,125,34
863.0,262.0,126,34
863.0,262.0,127,34
863.0,262.0,128,34
863.0,262.0,129,34
863.0,262.0,130,34
863.0,262.0,131,34
863.0,262.0,132,34
863.0,262.0,133,34
863.0,262.0,134,34
863.0,262.0,135,34
863.0,262.0,136,34
863.0,262.0,137,34
863.0,262.0,138,34
863.0,262.0,139,34
863.0,262.0,140,34
863.0,262.0,141,34
863.0,262.0,142,34
863.0,262.0,143,34
863.0,262.0,144,34
863.0,262.0,145,34
863.0,262.0,146,34
863.0,262.0,147,34
863.0,262.0,148,34
863.0,262.0,149,34
863.0,262.0,150,34
863.0,262.0,151,34
863.0,262.0,152,34
863.0,262.0,153,34
863.0,262.0,154,34
863.0,262.0,155,34
863.0,262.0,156,34
863.0,262.0,157,34
863.0,262.0,158,34
863.0,262.0,159,34
863.0,262.0,160,34
863.0,262.0,161,34
863.0,262.0,162,34
863.0,262.0,163,34
863.0,262.0,164,34
863.0,262.0,165,34
863.0,262.0,166,34
863.0,262.0,167,34
863.0,262.0,168,34
863.0,262.0,169,34
863.0,262.0,170,34
863.0,262.0,171,34
864.0,262.0,172,34
864.0,262.0,173,34
863.0,262.0,174,34
864.0,262.0,175,34
864.0,262.0,176,34
864.0,262.0,177,34
864.0,262.0,178,34
864.0,262.0,179,34
864.0,262.0,180,34
864.0,263.0,181,34
864.0,263.0,182,34
864.0,263.0,183,34
864.0,263.0,184,34
864.0,263.0,185,34
864.0,263.0,186,34
864.0,263.0,187,34
864.0,263.0,188,34
864.0,263.0,189,34
864.0,263.0,190,34
864.0,263.0,191,34
864.0,263.0,192,34
864.0,263.0,193,34
864.0,263.0,194,34
864.0,263.0,195,34
864.0,263.0,196,34
864.0,263.0,197,34
864.0,263.0,198,34
864.0,263.0,199,34
864.0,263.0,200,34
864.0,263.0,201,34
864.0,263.0,202,34
864.0,263.0,203,34
864.0,263.0,204,34
864.0,263.0,205,34
863.0,263.0,206,34
864.0,263.0,207,34
864.0,263.0,208,34
864.0,263.0,209,34
863.0,263.0,210,34
863.0,263.0,211,34
864.0,263.0,212,34
863.0,263.0,213,34
863.0,263.0,214,34
863.0,263.0,215,34
863.0,263.0,216,34
863.0,263.0,217,34
863.0,263.0,218,34
863.0,263.0,219,34
863.0,263.0,220,34
863.0,263.0,221,34
863.0,263.0,222,34
863.0,263.0,223,34
863.0,263.0,224,34
863.0,263.0,225,34
863.0,263.0,226,34
864.0,263.0,227,34
863.0,263.0,228,34
863.0,263.0,229,34
863.0,263.0,230,34
864.0,263.0,231,34
864.0,263.0,232,34
864.0,263.0,233,34
864.0,263.0,234,34
864.0,263.0,235,34
864.0,263.0,236,34
864.0,263.0,237,34
864.0,263.0,238,34
864.0,263.0,239,34
864.0,263.0,240,34
864.0,263.0,241,34
864.0,263.0,242,34
864.0,263.0,243,34
864.0,263.0,244,34
864.0,263.0,245,34
864.0,263.0,246,34
864.0,263.0,247,34
864.0,263.0,248,34
864.0,263.0,249,34
864.0,263.0,250,34
864.0,263.0,251,34
864.0,263.0,252,34
864.0,263.0,253,34
864.0,263.0,254,34
864.0,263.0,255,34
864.0,263.0,256,34
864.0,263.0,257,34
864.0,263.0,258,34
864.0,263.0,259,34
864.0,263.0,260,34
864.0,263.0,261,34
864.0,263.0,262,34
864.0,263.0,263,34
956.0,349.0,0,35
956.0,349.0,1,35
956.0,349.0,2,35
956.0,349.0,3,35
956.0,349.0,4,35
956.0,349.0,5,35
957.0,350.0,6,35
957.0,349.0,7,35
957.0,349.0,8,35
957.0,349.0,9,35
957.0,349.0,10,35
957.0,349.0,11,35
957.0,349.0,12,35
957.0,349.0,13,35
957.0,348.0,14,35
957.0,348.0,15,35
957.0,348.0,16,35
957.0,349.0,17,35
957.0,348.0,18,35
957.0,348.0,19,35
957.0,348.0,20,35
957.0,348.0,21,35
957.0,348.0,22,35
957.0,348.0,23,35
957.0,348.0,24,35
957.0,348.0,25,35
957.0,348.0,26,35
957.0,347.0,27,35
957.0,348.0,28,35
958.0,348.0,29,35
957.0,348.0,30,35
957.0,347.0,31,35
957.0,346.0,32,35
958.0,347.0,33,35
958.0,347.0,34,35
957.0,347.0,35,35
957.0,346.0,36,35
957.0,346.0,37,35
957.0,346.0,38,35
957.0,346.0,39,35
957.0,346.0,40,35
957.0,346.0,41,35
957.0,346.0,42,35
957.0,346.0,43,35
957.0,346.0,44,35
957.0,346.0,45,35
957.0,345.0,46,35
957.0,345.0,47,35
957.0,345.0,48,35
957.0,345.0,49,35
957.0,345.0,50,35
957.0,345.0,51,35
957.0,345.0,52,35
957.0,345.0,53,35
957.0,345.0,54,35
957.0,345.0,55,35
957.0,345.0,56,35
957.0,345.0,57,35
957.0,344.0,58,35
957.0,344.0,59,35
957.0,344.0,60,35
957.0,344.0,61,35
957.0,344.0,62,35
957.0,344.0,63,35
957.0,344.0,64,35
957.0,344.0,65,35
989.0,357.0,66,35
989.0,357.0,67,35
965.0,56.0,0,36
965.0,56.0,1,36
965.0,56.0,2,36
965.0,56.0,3,36
965.0,56.0,4,36
965.0,56.0,5,36
965.0,56.0,6,36
965.0,56.0,7,36
965.0,56.0,8,36
965.0,56.0,9,36
965.0,56.0,10,36
965.0,56.0,11,36
965.0,56.0,12,36
965.0,56.0,13,36
965.0,56.0,14,36
965.0,56.0,15,36
965.0,56.0,16,36
965.0,56.0,17,36
965.0,56.0,18,36
965.0,56.0,19,36
965.0,56.0,20,36
965.0,56.0,21,36
965.0,56.0,22,36
965.0,56.0,23,36
965.0,56.0,24,36
965.0,56.0,25,36
965.0,56.0,26,36
965.0,56.0,27,36
965.0,56.0,28,36
965.0,56.0,29,36
965.0,56.0,30,36
965.0,56.0,31,36
965.0,56.0,32,36
965.0,56.0,33,36
965.0,56.0,34,36
965.0,56.0,35,36
965.0,56.0,36,36
965.0,56.0,37,36
965.0,56.0,38,36
965.0,56.0,39,36
965.0,56.0,40,36
965.0,56.0,41,36
965.0,56.0,42,36
965.0,56.0,43,36
965.0,56.0,44,36
965.0,56.0,45,36
965.0,56.0,46,36
965.0,56.0,47,36
965.0,56.0,48,36
965.0,56.0,49,36
965.0,56.0,50,36
965.0,56.0,51,36
965.0,56.0,52,36
965.0,56.0,53,36
965.0,56.0,54,36
965.0,56.0,55,36
965.0,56.0,56,36
965.0,56.0,57,36
965.0,56.0,58,36
965.0,56.0,59,36
965.0,56.0,60,36
965.0,56.0,61,36
965.0,56.0,62,36
965.0,56.0,63,36
965.0,56.0,64,36
965.0,56.0,65,36
965.0,56.0,66,36
965.0,56.0,67,36
965.0,56.0,68,36
965.0,56.0,69,36
965.0,56.0,70,36
965.0,56.0,71,36
965.0,56.0,72,36
965.0,56.0,73,36
965.0,56.0,74,36
965.0,56.0,75,36
965.0,56.0,76,36
965.0,56.0,77,36
965.0,56.0,78,36
965.0,56.0,79,36
965.0,56.0,80,36
965.0,56.0,81,36
965.0,56.0,82,36
965.0,56.0,83,36
965.0,56.0,84,36
965.0,56.0,85,36
965.0,56.0,86,36
965.0,56.0,87,36
965.0,56.0,88,36
965.0,56.0,89,36
965.0,56.0,90,36
965.0,56.0,91,36
965.0,56.0,92,36
965.0,56.0,93,36
965.0,56.0,94,36
965.0,56.0,95,36
965.0,56.0,96,36
965.0,56.0,97,36
965.0,56.0,98,36
965.0,56.0,99,36
965.0,56.0,100,36
965.0,56.0,101,36
965.0,56.0,102,36
965.0,56.0,103,36
965.0,56.0,104,36
965.0,56.0,105,36
965.0,56.0,106,36
965.0,56.0,107,36
965.0,56.0,108,36
965.0,56.0,109,36
965.0,56.0,110,36
965.0,56.0,111,36
965.0,56.0,112,36
965.0,56.0,113,36
965.0,56.0,114,36
965.0,56.0,115,36
965.0,56.0,116,36
965.0,56.0,117,36
965.0,56.0,118,36
965.0,56.0,119,36
965.0,56.0,120,36
965.0,56.0,121,36
965.0,56.0,122,36
965.0,56.0,123,36
965.0,56.0,124,36
965.0,56.0,125,36
965.0,56.0,126,36
965.0,56.0,127,36
965.0,56.0,128,36
965.0,56.0,129,36
965.0,56.0,130,36
965.0,56.0,131,36
965.0,56.0,132,36
965.0,56.0,133,36
965.0,56.0,134,36
965.0,56.0,135,36
965.0,56.0,136,36
965.0,56.0,137,36
965.0,56.0,138,36
965.0,56.0,139,36
965.0,56.0,140,36
965.0,56.0,141,36
965.0,56.0,142,36
965.0,56.0,143,36
965.0,56.0,144,36
965.0,56.0,145,36
965.0,56.0,146,36
965.0,56.0,147,36
965.0,56.0,148,36
965.0,56.0,149,36
965.0,56.0,150,36
965.0,56.0,151,36
965.0,56.0,152,36
965.0,56.0,153,36
965.0,56.0,154,36
965.0,56.0,155,36
965.0,56.0,156,36
965.0,56.0,157,36
965.0,56.0,158,36
965.0,56.0,159,36
965.0,56.0,160,36
965.0,56.0,161,36
965.0,56.0,162,36
965.0,56.0,163,36
965.0,56.0,164,36
965.0,56.0,165,36
965.0,56.0,166,36
965.0,56.0,167,36
965.0,56.0,168,36
965.0,56.0,169,36
965.0,56.0,170,36
965.0,56.0,171,36
965.0,56.0,172,36
965.0,56.0,173,36
965.0,56.0,174,36
965.0,56.0,175,36
965.0,56.0,176,36
965.0,56.0,177,36
965.0,56.0,178,36
965.0,56.0,179,36
965.0,56.0,180,36
965.0,56.0,181,36
965.0,56.0,182,36
965.0,56.0,183,36
965.0,56.0,184,36
965.0,56.0,185,36
965.0,56.0,186,36
965.0,56.0,187,36
965.0,56.0,188,36
965.0,56.0,189,36
965.0,56.0,190,36
965.0,56.0,191,36
965.0,56.0,192,36
965.0,56.0,193,36
965.0,56.0,194,36
965.0,56.0,195,36
965.0,56.0,196,36
965.0,56.0,197,36
965.0,56.0,198,36
965.0,56.0,199,36
965.0,56.0,200,36
965.0,56.0,201,36
965.0,56.0,202,36
965.0,56.0,203,36
965.0,56.0,204,36
965.0,56.0,205,36
965.0,56.0,206,36
965.0,56.0,207,36
965.0,56.0,208,36
965.0,56.0,209,36
965.0,56.0,210,36
965.0,56.0,211,36
965.0,56.0,212,36
965.0,56.0,213,36
965.0,56.0,214,36
965.0,56.0,215,36
965.0,56.0,216,36
965.0,56.0,217,36
965.0,56.0,218,36
965.0,56.0,219,36
965.0,56.0,220,36
965.0,56.0,221,36
965.0,56.0,222,36
965.0,56.0,223,36
965.0,56.0,224,36
965.0,56.0,225,36
965.0,56.0,226,36
965.0,56.0,227,36
965.0,56.0,228,36
965.0,56.0,229,36
965.0,56.0,230,36
965.0,56.0,231,36
965.0,56.0,232,36
965.0,56.0,233,36
965.0,56.0,234,36
965.0,56.0,235,36
965.0,56.0,236,36
965.0,56.0,237,36
965.0,56.0,238,36
965.0,56.0,239,36
965.0,56.0,240,36
965.0,56.0,241,36
965.0,56.0,242,36
965.0,56.0,243,36
965.0,56.0,244,36
965.0,56.0,245,36
965.0,56.0,246,36
965.0,56.0,247,36
965.0,56.0,248,36
965.0,56.0,249,36
965.0,56.0,250,36
965.0,56.0,251,36
965.0,56.0,252,36
965.0,56.0,253,36
965.0,56.0,254,36
965.0,56.0,255,36
965.0,56.0,256,36
965.0,56.0,257,36
965.0,56.0,258,36
965.0,56.0,259,36
965.0,56.0,260,36
965.0,56.0,261,36
965.0,56.0,262,36
965.0,56.0,263,36
970.0,980.0,0,37
970.0,980.0,1,37
970.0,980.0,2,37
970.0,980.0,3,37
970.0,980.0,4,37
970.0,980.0,5,37
970.0,980.0,6,37
970.0,980.0,7,37
970.0,980.0,8,37
970.0,980.0,9,37
970.0,980.0,10,37
970.0,980.0,11,37
970.0,980.0,12,37
970.0,980.0,13,37
970.0,980.0,14,37
970.0,980.0,15,37
970.0,980.0,16,37
970.0,980.0,17,37
970.0,980.0,18,37
970.0,980.0,19,37
970.0,980.0,20,37
970.0,980.0,21,37
970.0,980.0,22,37
970.0,980.0,23,37
970.0,980.0,24,37
970.0,980.0,25,37
970.0,980.0,26,37
970.0,980.0,27,37
970.0,980.0,28,37
970.0,980.0,29,37
970.0,980.0,30,37
970.0,980.0,31,37
970.0,980.0,32,37
970.0,980.0,33,37
970.0,980.0,34,37
970.0,980.0,35,37
970.0,979.0,36,37
970.0,980.0,37,37
970.0,980.0,38,37
970.0,979.0,39,37
970.0,979.0,40,37
970.0,979.0,41,37
970.0,979.0,42,37
970.0,979.0,43,37
970.0,979.0,44,37
970.0,979.0,45,37
970.0,979.0,46,37
970.0,979.0,47,37
970.0,979.0,48,37
970.0,979.0,49,37
970.0,979.0,50,37
970.0,979.0,51,37
970.0,979.0,52,37
970.0,979.0,53,37
970.0,979.0,54,37
970.0,979.0,55,37
970.0,979.0,56,37
970.0,979.0,57,37
970.0,979.0,58,37
970.0,979.0,59,37
970.0,979.0,60,37
970.0,979.0,61,37
970.0,979.0,62,37
970.0,979.0,63,37
970.0,979.0,64,37
970.0,979.0,65,37
970.0,979.0,66,37
970.0,979.0,67,37
970.0,979.0,68,37
970.0,979.0,69,37
970.0,979.0,70,37
970.0,979.0,71,37
970.0,979.0,72,37
970.0,978.0,73,37
970.0,979.0,74,37
970.0,979.0,75,37
970.0,979.0,76,37
970.0,978.0,77,37
970.0,979.0,78,37
970.0,978.0,79,37
970.0,979.0,80,37
970.0,979.0,81,37
970.0,979.0,82,37
970.0,978.0,83,37
970.0,978.0,84,37
970.0,978.0,85,37
970.0,978.0,86,37
970.0,978.0,87,37
970.0,978.0,88,37
970.0,978.0,89,37
970.0,978.0,90,37
970.0,978.0,91,37
970.0,978.0,92,37
970.0,978.0,93,37
970.0,978.0,94,37
970.0,978.0,95,37
970.0,978.0,96,37
970.0,978.0,97,37
970.0,978.0,98,37
970.0,978.0,99,37
970.0,978.0,100,37
970.0,978.0,101,37
970.0,978.0,102,37
970.0,978.0,103,37
970.0,978.0,104,37
970.0,978.0,105,37
970.0,978.0,106,37
970.0,978.0,107,37
970.0,978.0,108,37
970.0,978.0,109,37
970.0,978.0,110,37
970.0,978.0,111,37
970.0,978.0,112,37
970.0,978.0,113,37
970.0,978.0,114,37
970.0,978.0,115,37
970.0,978.0,116,37
970.0,978.0,117,37
970.0,978.0,118,37
970.0,978.0,119,37
970.0,978.0,120,37
970.0,978.0,121,37
970.0,978.0,122,37
970.0,978.0,123,37
970.0,978.0,124,37
970.0,978.0,125,37
970.0,978.0,126,37
970.0,978.0,127,37
970.0,978.0,128,37
970.0,978.0,129,37
974.0,7.0,0,38
974.0,7.0,1,38
974.0,7.0,2,38
974.0,7.0,3,38
974.0,7.0,4,38
974.0,6.0,5,38
974.0,6.0,6,38
974.0,6.0,7,38
974.0,7.0,8,38
974.0,7.0,9,38
974.0,7.0,10,38
974.0,7.0,11,38
974.0,7.0,12,38
974.0,7.0,13,38
974.0,7.0,14,38
974.0,7.0,15,38
974.0,6.0,16,38
974.0,7.0,17,38
974.0,7.0,18,38
974.0,7.0,19,38
974.0,7.0,20,38
974.0,6.0,21,38
974.0,6.0,22,38
974.0,7.0,23,38
974.0,7.0,24,38
973.0,7.0,25,38
974.0,7.0,26,38
973.0,7.0,27,38
974.0,7.0,28,38
974.0,7.0,29,38
973.0,7.0,30,38
974.0,7.0,31,38
974.0,7.0,32,38
974.0,7.0,33,38
974.0,7.0,34,38
974.0,7.0,35,38
974.0,7.0,36,38
973.0,7.0,37,38
973.0,7.0,38,38
974.0,7.0,39,38
974.0,6.0,40,38
974.0,7.0,41,38
974.0,7.0,42,38
974.0,6.0,43,38
974.0,7.0,44,38
973.0,7.0,45,38
974.0,7.0,46,38
974.0,7.0,47,38
974.0,6.0,48,38
973.0,7.0,49,38
974.0,7.0,50,38
974.0,7.0,51,38
974.0,6.0,52,38
973.0,7.0,53,38
980.0,680.0,0,39
980.0,680.0,1,39
980.0,680.0,2,39
981.0,680.0,3,39
980.0,680.0,4,39
980.0,680.0,5,39
980.0,680.0,6,39
980.0,680.0,7,39
980.0,680.0,8,39
980.0,680.0,9,39
980.0,680.0,10,39
980.0,680.0,11,39
981.0,680.0,12,39
980.0,680.0,13,39
980.0,680.0,14,39
980.0,680.0,15,39
980.0,680.0,16,39
980.0,680.0,17,39
980.0,680.0,18,39
980.0,680.0,19,39
980.0,680.0,20,39
980.0,680.0,21,39
980.0,680.0,22,39
980.0,680.0,23,39
980.0,680.0,24,39
980.0,680.0,25,39
980.0,680.0,26,39
980.0,680.0,27,39
981.0,680.0,28,39
980.0,680.0,29,39
981.0,680.0,30,39
980.0,680.0,31,39
980.0,680.0,32,39
980.0,680.0,33,39
980.0,680.0,34,39
980.0,680.0,35,39
980.0,680.0,36,39
980.0,680.0,37,39
980.0,680.0,38,39
980.0,680.0,39,39
980.0,680.0,40,39
980.0,680.0,41,39
981.0,680.0,42,39
980.0,680.0,43,39
980.0,680.0,44,39
980.0,680.0,45,39
980.0,680.0,46,39
980.0,680.0,47,39
980.0,680.0,48,39
980.0,680.0,49,39
980.0,680.0,50,39
980.0,680.0,51,39
980.0,680.0,52,39
980.0,680.0,53,39
980.0,680.0,54,39
980.0,680.0,55,39
980.0,680.0,56,39
980.0,680.0,57,39
980.0,680.0,58,39
980.0,680.0,59,39
980.0,680.0,60,39
980.0,680.0,61,39
980.0,680.0,62,39
980.0,680.0,63,39
980.0,680.0,64,39
981.0,680.0,65,39
980.0,680.0,66,39
981.0,680.0,67,39
980.0,680.0,68,39
980.0,680.0,69,39
980.0,680.0,70,39
980.0,680.0,71,39
980.0,680.0,72,39
980.0,680.0,73,39
980.0,680.0,74,39
980.0,680.0,75,39
980.0,680.0,76,39
980.0,680.0,77,39
980.0,680.0,78,39
980.0,680.0,79,39
981.0,680.0,80,39
980.0,680.0,81,39
980.0,680.0,82,39
980.0,680.0,83,39
980.0,680.0,84,39
980.0,680.0,85,39
980.0,680.0,86,39
980.0,680.0,87,39
980.0,680.0,88,39
980.0,680.0,89,39
980.0,680.0,90,39
980.0,680.0,91,39
980.0,680.0,92,39
980.0,680.0,93,39
980.0,680.0,94,39
980.0,680.0,95,39
980.0,680.0,96,39
980.0,680.0,97,39
980.0,680.0,98,39
980.0,680.0,99,39
980.0,680.0,100,39
980.0,680.0,101,39
980.0,680.0,102,39
980.0,680.0,103,39
980.0,680.0,104,39
980.0,680.0,105,39
980.0,680.0,106,39
980.0,680.0,107,39
980.0,680.0,108,39
980.0,680.0,109,39
980.0,680.0,110,39
980.0,680.0,111,39
980.0,680.0,112,39
980.0,680.0,113,39
980.0,680.0,114,39
980.0,680.0,115,39
980.0,680.0,116,39
980.0,680.0,117,39
980.0,680.0,118,39
980.0,680.0,119,39
980.0,680.0,120,39
980.0,680.0,121,39
980.0,680.0,122,39
980.0,680.0,123,39
980.0,680.0,124,39
980.0,680.0,125,39
981.0,680.0,126,39
980.0,680.0,127,39
980.0,680.0,128,39
980.0,680.0,129,39
980.0,680.0,130,39
980.0,680.0,131,39
980.0,680.0,132,39
980.0,680.0,133,39
980.0,680.0,134,39
980.0,680.0,135,39
980.0,680.0,136,39
980.0,680.0,137,39
980.0,680.0,138,39
980.0,680.0,139,39
980.0,680.0,140,39
980.0,680.0,141,39
980.0,680.0,142,39
980.0,680.0,143,39
980.0,680.0,144,39
981.0,680.0,145,39
980.0,680.0,146,39
980.0,680.0,147,39
980.0,680.0,148,39
980.0,680.0,149,39
980.0,680.0,150,39
980.0,680.0,151,39
980.0,680.0,152,39
981.0,680.0,153,39
980.0,680.0,154,39
980.0,680.0,155,39
980.0,680.0,156,39
980.0,680.0,157,39
980.0,680.0,158,39
980.0,680.0,159,39
980.0,680.0,160,39
980.0,680.0,161,39
980.0,680.0,162,39
980.0,680.0,163,39
981.0,680.0,164,39
980.0,680.0,165,39
980.0,680.0,166,39
980.0,680.0,167,39
980.0,680.0,168,39
981.0,680.0,169,39
980.0,680.0,170,39
980.0,680.0,171,39
980.0,680.0,172,39
980.0,680.0,173,39
980.0,680.0,174,39
980.0,680.0,175,39
980.0,680.0,176,39
980.0,680.0,177,39
980.0,680.0,178,39
980.0,680.0,179,39
980.0,680.0,180,39
980.0,680.0,181,39
980.0,680.0,182,39
980.0,680.0,183,39
980.0,680.0,184,39
980.0,680.0,185,39
980.0,680.0,186,39
980.0,680.0,187,39
980.0,680.0,188,39
980.0,680.0,189,39
981.0,680.0,190,39
980.0,680.0,191,39
980.0,680.0,192,39
980.0,680.0,193,39
980.0,680.0,194,39
980.0,680.0,195,39
981.0,680.0,196,39
980.0,680.0,197,39
980.0,680.0,198,39
980.0,680.0,199,39
980.0,680.0,200,39
980.0,680.0,201,39
980.0,680.0,202,39
980.0,680.0,203,39
980.0,680.0,204,39
980.0,680.0,205,39
980.0,680.0,206,39
980.0,680.0,207,39
980.0,680.0,208,39
980.0,680.0,209,39
980.0,680.0,210,39
980.0,680.0,211,39
980.0,680.0,212,39
980.0,680.0,213,39
980.0,680.0,214,39
980.0,680.0,215,39
980.0,680.0,216,39
980.0,680.0,217,39
980.0,680.0,218,39
980.0,680.0,219,39
980.0,680.0,220,39
980.0,680.0,221,39
980.0,680.0,222,39
980.0,680.0,223,39
980.0,680.0,224,39
980.0,680.0,225,39
980.0,680.0,226,39
980.0,680.0,227,39
980.0,680.0,228,39
980.0,680.0,229,39
980.0,680.0,230,39
980.0,680.0,231,39
980.0,680.0,232,39
980.0,680.0,233,39
980.0,680.0,234,39
980.0,680.0,235,39
980.0,680.0,236,39
980.0,680.0,237,39
980.0,680.0,238,39
980.0,680.0,239,39
980.0,680.0,240,39
980.0,680.0,241,39
980.0,680.0,242,39
980.0,680.0,243,39
980.0,680.0,244,39
980.0,680.0,245,39
981.0,680.0,246,39
980.0,680.0,247,39
980.0,680.0,248,39
980.0,680.0,249,39
980.0,680.0,250,39
980.0,680.0,251,39
980.0,680.0,252,39
980.0,680.0,253,39
980.0,680.0,254,39
980.0,680.0,255,39
980.0,680.0,256,39
980.0,680.0,257,39
980.0,680.0,258,39
980.0,680.0,259,39
980.0,680.0,260,39
980.0,680.0,261,39
980.0,680.0,262,39
981.0,680.0,263,39
989.0,357.0,0,40
989.0,357.0,1,40
989.0,357.0,2,40
989.0,357.0,3,40
989.0,357.0,4,40
991.0,352.0,0,41
991.0,352.0,1,41
991.0,352.0,2,41
991.0,352.0,3,41
991.0,352.0,4,41
992.0,890.0,0,42
992.0,890.0,1,42
992.0,890.0,2,42
992.0,890.0,3,42
992.0,890.0,4,42
994.0,924.0,0,43
994.0,924.0,1,43
994.0,924.0,2,43
993.0,924.0,3,43
994.0,924.0,4,43
994.0,924.0,5,43
993.0,924.0,6,43
993.0,924.0,7,43
994.0,924.0,8,43
993.0,924.0,9,43
994.0,924.0,10,43
994.0,924.0,11,43
994.0,924.0,12,43
994.0,924.0,13,43
993.0,924.0,14,43
993.0,924.0,15,43
994.0,924.0,16,43
993.0,924.0,17,43
994.0,924.0,18,43
994.0,924.0,19,43
993.0,924.0,20,43
993.0,924.0,21,43
994.0,924.0,22,43
993.0,924.0,23,43
993.0,924.0,24,43
993.0,924.0,25,43
993.0,924.0,26,43
993.0,924.0,27,43
994.0,924.0,28,43
993.0,924.0,29,43
994.0,924.0,30,43
993.0,924.0,31,43
994.0,924.0,32,43
994.0,924.0,33,43
994.0,924.0,34,43
994.0,924.0,35,43
993.0,924.0,36,43
994.0,924.0,37,43
993.0,924.0,38,43
994.0,924.0,39,43
994.0,924.0,40,43
994.0,924.0,41,43
993.0,924.0,42,43
993.0,924.0,43,43
994.0,924.0,44,43
993.0,924.0,45,43
993.0,924.0,46,43
994.0,924.0,47,43
994.0,924.0,48,43
994.0,924.0,49,43
993.0,924.0,50,43
994.0,924.0,51,43
994.0,924.0,52,43
993.0,924.0,53,43
993.0,924.0,54,43
993.0,924.0,55,43
993.0,924.0,56,43
994.0,924.0,57,43
994.0,924.0,58,43
994.0,924.0,59,43
994.0,924.0,60,43
993.0,924.0,61,43
993.0,924.0,62,43
994.0,924.0,63,43
993.0,924.0,64,43
994.0,924.0,65,43
994.0,924.0,66,43
993.0,924.0,67,43
994.0,924.0,68,43
993.0,924.0,69,43
994.0,924.0,70,43
994.0,924.0,71,43
993.0,924.0,72,43
993.0,924.0,73,43
994.0,924.0,74,43
994.0,924.0,75,43
994.0,924.0,76,43
994.0,924.0,77,43
993.0,924.0,78,43
993.0,924.0,79,43
993.0,924.0,80,43
993.0,924.0,81,43
994.0,924.0,82,43
993.0,924.0,83,43
993.0,924.0,84,43
994.0,924.0,85,43
993.0,924.0,86,43
994.0,924.0,87,43
993.0,924.0,88,43
994.0,924.0,89,43
994.0,924.0,90,43
993.0,924.0,91,43
994.0,924.0,92,43
994.0,924.0,93,43
994.0,924.0,94,43
994.0,924.0,95,43
993.0,924.0,96,43
1009.0,732.0,0,44
1009.0,732.0,1,44
1012.0,759.0,0,45
1012.0,759.0,1,45
1012.0,759.0,2,45
1012.0,759.0,3,45
1012.0,759.0,4,45
1012.0,759.0,5,45
1012.0,759.0,6,45
1012.0,759.0,7,45
1012.0,759.0,8,45
1012.0,759.0,9,45
1012.0,759.0,10,45
1012.0,760.0,11,45
1012.0,759.0,12,45
1012.0,759.0,13,45
1012.0,759.0,14,45
1012.0,759.0,15,45
1012.0,759.0,16,45
1012.0,759.0,17,45
1012.0,759.0,18,45
1012.0,759.0,19,45
1012.0,759.0,20,45
1012.0,759.0,21,45
1012.0,759.0,22,45
1012.0,759.0,23,45
1012.0,759.0,24,45
1012.0,759.0,25,45
1012.0,759.0,26,45
1012.0,759.0,27,45
1012.0,759.0,28,45
1012.0,759.0,29,45
1012.0,759.0,30,45
1012.0,759.0,31,45
1012.0,759.0,32,45
1012.0,759.0,33,45
1012.0,759.0,34,45
1012.0,759.0,35,45
1012.0,759.0,36,45
1012.0,759.0,37,45
1012.0,759.0,38,45
1012.0,759.0,39,45
1012.0,759.0,40,45
1012.0,759.0,41,45
1012.0,759.0,42,45
1012.0,759.0,43,45
1012.0,759.0,44,45
1012.0,759.0,45,45
1012.0,759.0,46,45
1012.0,759.0,47,45
1012.0,759.0,48,45
1012.0,759.0,49,45
1012.0,759.0,50,45
1012.0,759.0,51,45
1012.0,759.0,52,45
1012.0,759.0,53,45
1012.0,759.0,54,45
1012.0,759.0,55,45
1012.0,759.0,56,45
1012.0,759.0,57,45
1012.0,759.0,58,45
1012.0,759.0,59,45
1012.0,759.0,60,45
1012.0,759.0,61,45
1012.0,759.0,62,45
1012.0,759.0,63,45
1012.0,759.0,64,45
1012.0,759.0,65,45
1012.0,759.0,66,45
1012.0,759.0,67,45
1012.0,759.0,68,45
1012.0,759.0,69,45
1012.0,759.0,70,45
1012.0,759.0,71,45
1012.0,759.0,72,45
1012.0,759.0,73,45
1012.0,759.0,74,45
1012.0,759.0,75,45
1012.0,759.0,76,45
1012.0,759.0,77,45
1012.0,759.0,78,45
1012.0,759.0,79,45
1012.0,759.0,80,45
1012.0,759.0,81,45
1012.0,759.0,82,45
1012.0,759.0,83,45
1012.0,759.0,84,45
1012.0,759.0,85,45
1012.0,759.0,86,45
1012.0,759.0,87,45
1012.0,759.0,88,45
1012.0,759.0,89,45
1012.0,759.0,90,45
1012.0,759.0,91,45
1012.0,759.0,92,45
1012.0,759.0,93,45
1012.0,759.0,94,45
1012.0,759.0,95,45
1012.0,759.0,96,45
1012.0,759.0,97,45
1012.0,759.0,98,45
1012.0,759.0,99,45
1012.0,759.0,100,45
1012.0,759.0,101,45
1012.0,759.0,102,45
1012.0,759.0,103,45
1012.0,759.0,104,45
1012.0,759.0,105,45
1012.0,759.0,106,45
1012.0,759.0,107,45
1012.0,759.0,108,45
1012.0,759.0,109,45
1012.0,759.0,110,45
1012.0,759.0,111,45
1012.0,759.0,112,45
1012.0,759.0,113,45
1012.0,759.0,114,45
1012.0,759.0,115,45
1012.0,759.0,116,45
1012.0,759.0,117,45
1012.0,759.0,118,45
1012.0,760.0,119,45
1012.0,759.0,120,45
1012.0,759.0,121,45
1012.0,759.0,122,45
1012.0,759.0,123,45
1012.0,759.0,124,45
1012.0,760.0,125,45
1012.0,759.0,126,45
1012.0,759.0,127,45
1012.0,759.0,128,45
1012.0,759.0,129,45
1012.0,759.0,130,45
1012.0,759.0,131,45
1012.0,759.0,132,45
1012.0,760.0,133,45
1012.0,759.0,134,45
1012.0,759.0,135,45
1012.0,759.0,136,45
1012.0,759.0,137,45
1012.0,759.0,138,45
1012.0,759.0,139,45
1012.0,759.0,140,45
1012.0,759.0,141,45
1012.0,759.0,142,45
1012.0,759.0,143,45
1012.0,759.0,144,45
1012.0,759.0,145,45
1012.0,759.0,146,45
1012.0,759.0,147,45
1012.0,759.0,148,45
1012.0,759.0,149,45
1012.0,759.0,150,45
1012.0,759.0,151,45
1012.0,759.0,152,45
1012.0,759.0,153,45
1012.0,759.0,154,45
1012.0,759.0,155,45
1012.0,759.0,156,45
1012.0,759.0,157,45
1012.0,759.0,158,45
1012.0,759.0,159,45
1012.0,759.0,160,45
1012.0,760.0,161,45
1012.0,759.0,162,45
1012.0,759.0,163,45
1012.0,759.0,164,45
1012.0,759.0,165,45
1012.0,759.0,166,45
1012.0,759.0,167,45
1012.0,759.0,168,45
1012.0,759.0,169,45
1012.0,759.0,170,45
1012.0,759.0,171,45
1012.0,759.0,172,45
1012.0,759.0,173,45
1012.0,759.0,174,45
1012.0,759.0,175,45
1012.0,759.0,176,45
1012.0,759.0,177,45
1012.0,759.0,178,45
1012.0,759.0,179,45
1012.0,759.0,180,45
1012.0,759.0,181,45
1012.0,759.0,182,45
1012.0,759.0,183,45
1012.0,759.0,184,45
1012.0,759.0,185,45
1012.0,759.0,186,45
1012.0,759.0,187,45
1012.0,759.0,188,45
1012.0,759.0,189,45
1012.0,759.0,190,45
1012.0,759.0,191,45
1012.0,759.0,192,45
1012.0,759.0,193,45
1012.0,759.0,194,45
1012.0,759.0,195,45
1012.0,759.0,196,45
1012.0,759.0,197,45
1012.0,759.0,198,45
1012.0,759.0,199,45
1012.0,759.0,200,45
1012.0,759.0,201,45
1012.0,759.0,202,45
1012.0,759.0,203,45
1012.0,759.0,204,45
1012.0,759.0,205,45
1012.0,759.0,206,45
1012.0,759.0,207,45
1012.0,759.0,208,45
1012.0,759.0,209,45
1012.0,759.0,210,45
1012.0,760.0,211,45
1012.0,759.0,212,45
1012.0,759.0,213,45
1012.0,759.0,214,45
1012.0,760.0,215,45
1012.0,759.0,216,45
1012.0,759.0,217,45
1012.0,760.0,218,45
1012.0,759.0,219,45
1012.0,759.0,220,45
1012.0,759.0,221,45
1012.0,759.0,222,45
1012.0,759.0,223,45
1012.0,759.0,224,45
1012.0,759.0,225,45
1012.0,759.0,226,45
1012.0,759.0,227,45
1012.0,759.0,228,45
1012.0,759.0,229,45
1012.0,759.0,230,45
1012.0,759.0,231,45
1012.0,759.0,232,45
1012.0,759.0,233,45
1012.0,759.0,234,45
1012.0,759.0,235,45
1012.0,759.0,236,45
1012.0,759.0,237,45
1012.0,759.0,238,45
1012.0,759.0,239,45
1012.0,759.0,240,45
1012.0,759.0,241,45
1012.0,759.0,242,45
1012.0,759.0,243,45
1012.0,759.0,244,45
1012.0,759.0,245,45
1012.0,759.0,246,45
1012.0,759.0,247,45
1012.0,759.0,248,45
1012.0,759.0,249,45
1012.0,759.0,250,45
1012.0,759.0,251,45
1012.0,759.0,252,45
1012.0,759.0,253,45
1012.0,759.0,254,45
1012.0,759.0,255,45
1012.0,759.0,256,45
1012.0,759.0,257,45
1012.0,759.0,258,45
1012.0,759.0,259,45
1012.0,759.0,260,45
1012.0,759.0,261,45
1012.0,759.0,262,45
1012.0,760.0,263,45
25.0,926.0,1,46
25.0,926.0,2,46
33.0,142.0,1,47
33.0,142.0,2,47
33.0,142.0,3,47
981.0,206.0,1,48
981.0,206.0,2,48
988.0,10.0,1,49
988.0,10.0,2,49
988.0,10.0,3,49
988.0,10.0,4,49
4.0,650.0,2,50
4.0,651.0,3,50
1019.0,760.0,4,51
1019.0,760.0,5,51
1019.0,760.0,6,51
1019.0,760.0,7,51
1019.0,760.0,8,51
5.0,650.0,5,52
5.0,650.0,6,52
5.0,650.0,7,52
33.0,142.0,5,53
33.0,142.0,6,53
990.0,354.0,5,54
990.0,354.0,6,54
990.0,354.0,7,54
990.0,354.0,8,54
990.0,354.0,9,54
990.0,354.0,10,54
988.0,10.0,6,55
988.0,10.0,7,55
988.0,10.0,8,55
988.0,10.0,9,55
988.0,10.0,10,55
988.0,10.0,11,55
992.0,890.0,6,56
993.0,890.0,7,56
1009.0,732.0,6,57
1009.0,732.0,7,57
1009.0,732.0,8,57
1009.0,732.0,9,57
1009.0,732.0,10,57
1009.0,732.0,11,57
25.0,928.0,7,58
26.0,928.0,8,58
26.0,928.0,9,58
26.0,928.0,10,58
26.0,928.0,11,58
25.0,928.0,12,58
25.0,929.0,13,58
992.0,890.0,8,59
992.0,890.0,9,59
6.0,650.0,9,60
6.0,650.0,10,60
6.0,650.0,11,60
6.0,650.0,12,60
33.0,142.0,10,61
33.0,142.0,11,61
989.0,357.0,11,62
989.0,357.0,12,62
989.0,357.0,13,62
989.0,357.0,14,62
989.0,357.0,15,62
989.0,357.0,16,62
991.0,352.0,11,63
991.0,352.0,12,63
991.0,352.0,13,63
991.0,352.0,14,63
991.0,352.0,15,63
991.0,352.0,16,63
992.0,890.0,11,64
992.0,890.0,12,64
992.0,890.0,13,64
992.0,890.0,14,64
10.0,34.0,13,65
11.0,34.0,14,65
10.0,34.0,15,65
31.0,71.0,13,66
32.0,71.0,14,66
981.0,206.0,13,67
981.0,206.0,14,67
981.0,206.0,15,67
981.0,206.0,16,67
981.0,206.0,17,67
981.0,206.0,18,67
981.0,206.0,19,67
988.0,10.0,13,68
988.0,10.0,14,68
988.0,10.0,15,68
988.0,10.0,16,68
24.0,56.0,14,69
24.0,56.0,15,69
24.0,928.0,14,70
25.0,928.0,15,70
24.0,928.0,16,70
25.0,928.0,17,70
25.0,928.0,18,70
32.0,143.0,14,71
32.0,143.0,15,71
32.0,143.0,16,71
32.0,144.0,17,71
32.0,143.0,18,71
993.0,890.0,15,72
993.0,890.0,16,72
6.0,649.0,16,73
6.0,648.0,17,73
12.0,34.0,17,74
11.0,34.0,18,74
10.0,34.0,19,74
10.0,34.0,20,74
990.0,354.0,17,75
990.0,354.0,18,75
990.0,354.0,19,75
992.0,890.0,17,76
992.0,890.0,18,76
25.0,77.0,18,77
26.0,76.0,19,77
988.0,10.0,18,78
988.0,10.0,19,78
988.0,10.0,20,78
988.0,10.0,21,78
988.0,9.0,22,78
6.0,648.0,19,79
6.0,648.0,20,79
6.0,648.0,21,79
28.0,928.0,19,80
28.0,928.0,20,80
28.0,928.0,21,80
24.0,56.0,20,81
24.0,56.0,21,81
24.0,56.0,22,81
25.0,80.0,20,82
25.0,79.0,21,82
989.0,357.0,20,83
989.0,357.0,21,83
988.0,358.0,22,83
988.0,358.0,23,83
989.0,357.0,24,83
989.0,357.0,25,83
989.0,357.0,26,83
989.0,357.0,27,83
989.0,357.0,28,83
991.0,352.0,20,84
991.0,352.0,21,84
990.0,352.0,22,84
990.0,352.0,23,84
991.0,352.0,24,84
991.0,352.0,25,84
991.0,352.0,26,84
991.0,352.0,27,84
991.0,353.0,28,84
992.0,891.0,20,85
992.0,891.0,21,85
1009.0,732.0,21,86
1009.0,732.0,22,86
1009.0,732.0,23,86
25.0,928.0,22,87
25.0,929.0,23,87
32.0,143.0,22,88
32.0,143.0,23,88
24.0,56.0,24,89
24.0,56.0,25,89
27.0,930.0,24,90
28.0,930.0,25,90
33.0,559.0,24,91
33.0,559.0,25,91
33.0,559.0,26,91
33.0,559.0,27,91
33.0,559.0,28,91
33.0,559.0,29,91
33.0,559.0,30,91
33.0,559.0,31,91
33.0,558.0,32,91
34.0,558.0,33,91
33.0,559.0,34,91
33.0,559.0,35,91
33.0,559.0,36,91
33.0,559.0,37,91
33.0,558.0,38,91
33.0,559.0,39,91
33.0,558.0,40,91
33.0,559.0,41,91
33.0,559.0,42,91
33.0,558.0,43,91
33.0,558.0,44,91
33.0,558.0,45,91
33.0,558.0,46,91
33.0,558.0,47,91
32.0,558.0,48,91
32.0,558.0,49,91
33.0,558.0,50,91
32.0,558.0,51,91
32.0,558.0,52,91
32.0,558.0,53,91
981.0,206.0,24,92
981.0,206.0,25,92
981.0,206.0,26,92
981.0,206.0,27,92
981.0,206.0,28,92
981.0,206.0,29,92
6.0,648.0,25,93
6.0,648.0,26,93
6.0,648.0,27,93
20.0,83.0,25,94
20.0,84.0,26,94
992.0,890.0,25,95
992.0,890.0,26,95
992.0,890.0,27,95
992.0,890.0,28,95
993.0,890.0,29,95
993.0,890.0,30,95
993.0,890.0,31,95
993.0,890.0,32,95
993.0,890.0,33,95
993.0,890.0,34,95
993.0,890.0,35,95
24.0,930.0,26,96
24.0,930.0,27,96
25.0,930.0,28,96
24.0,930.0,29,96
25.0,930.0,30,96
33.0,142.0,26,97
33.0,142.0,27,97
24.0,56.0,27,98
24.0,56.0,28,98
988.0,10.0,27,99
988.0,10.0,28,99
32.0,143.0,28,100
32.0,144.0,29,100
32.0,143.0,30,100
6.0,648.0,29,101
6.0,647.0,30,101
6.0,647.0,31,101
6.0,647.0,32,101
6.0,646.0,33,101
990.0,354.0,29,102
990.0,354.0,30,102
990.0,354.0,31,102
990.0,354.0,32,102
990.0,354.0,33,102
990.0,354.0,34,102
990.0,354.0,35,102
990.0,354.0,36,102
990.0,354.0,37,102
990.0,354.0,38,102
990.0,354.0,39,102
990.0,354.0,40,102
990.0,354.0,41,102
990.0,354.0,42,102
990.0,354.0,43,102
990.0,354.0,44,102
990.0,354.0,45,102
990.0,354.0,46,102
13.0,87.0,30,103
13.0,88.0,31,103
988.0,10.0,30,104
988.0,10.0,31,104
26.0,930.0,31,105
26.0,931.0,32,105
26.0,930.0,33,105
26.0,931.0,34,105
27.0,931.0,35,105
33.0,142.0,31,106
33.0,142.0,32,106
33.0,142.0,33,106
12.0,90.0,32,107
12.0,90.0,33,107
988.0,10.0,33,108
988.0,10.0,34,108
988.0,10.0,35,108
988.0,10.0,36,108
988.0,10.0,37,108
981.0,206.0,34,109
981.0,206.0,35,109
24.0,56.0,35,110
24.0,56.0,36,110
32.0,143.0,36,111
32.0,143.0,37,111
6.0,646.0,38,112
6.0,646.0,39,112
992.0,890.0,38,113
992.0,890.0,39,113
992.0,891.0,40,113
992.0,890.0,41,113
992.0,889.0,42,113
992.0,890.0,43,113
992.0,890.0,44,113
993.0,890.0,45,113
11.0,34.0,39,114
11.0,34.0,40,114
32.0,143.0,39,115
32.0,143.0,40,115
32.0,144.0,41,115
32.0,143.0,42,115
32.0,144.0,43,115
988.0,10.0,39,116
988.0,9.0,40,116
988.0,10.0,41,116
988.0,10.0,42,116
28.0,932.0,40,117
28.0,932.0,41,117
27.0,932.0,42,117
27.0,932.0,43,117
27.0,932.0,44,117
6.0,646.0,41,118
6.0,646.0,42,118
6.0,646.0,43,118
24.0,56.0,41,119
24.0,56.0,42,119
981.0,206.0,41,120
981.0,206.0,42,120
981.0,206.0,43,120
11.0,34.0,42,121
10.0,34.0,43,121
10.0,34.0,44,121
1009.0,732.0,42,122
1009.0,732.0,43,122
1009.0,732.0,44,122
1009.0,732.0,45,122
1009.0,732.0,46,122
18.0,276.0,43,123
18.0,276.0,44,123
5.0,645.0,44,124
6.0,644.0,45,124
6.0,644.0,46,124
6.0,644.0,47,124
32.0,143.0,45,125
32.0,143.0,46,125
32.0,143.0,47,125
981.0,206.0,45,126
981.0,206.0,46,126
981.0,206.0,47,126
981.0,206.0,48,126
981.0,206.0,49,126
988.0,10.0,45,127
988.0,9.0,46,127
44.0,285.0,46,128
44.0,284.0,47,128
992.0,890.0,46,129
992.0,889.0,47,129
989.0,357.0,47,130
989.0,357.0,48,130
989.0,357.0,49,130
991.0,352.0,47,131
991.0,352.0,48,131
991.0,352.0,49,131
988.0,10.0,48,132
988.0,9.0,49,132
988.0,10.0,50,132
988.0,9.0,51,132
993.0,890.0,48,133
993.0,890.0,49,133
992.0,890.0,50,133
993.0,890.0,51,133
993.0,890.0,52,133
994.0,890.0,53,133
24.0,934.0,49,134
24.0,934.0,50,134
32.0,143.0,49,135
32.0,143.0,50,135
32.0,143.0,51,135
32.0,143.0,52,135
6.0,644.0,50,136
5.0,644.0,51,136
6.0,644.0,52,136
990.0,354.0,50,137
990.0,354.0,51,137
990.0,354.0,52,137
990.0,354.0,53,137
990.0,354.0,54,137
990.0,355.0,55,137
990.0,354.0,56,137
990.0,354.0,57,137
990.0,354.0,58,137
990.0,354.0,59,137
990.0,354.0,60,137
1009.0,732.0,50,138
1009.0,732.0,51,138
23.0,935.0,52,139
23.0,935.0,53,139
23.0,936.0,54,139
33.0,562.0,52,140
33.0,562.0,53,140
981.0,206.0,52,141
981.0,206.0,53,141
5.0,644.0,53,142
5.0,644.0,54,142
10.0,34.0,53,143
11.0,34.0,54,143
33.0,142.0,53,144
33.0,142.0,54,144
669.0,979.0,53,145
668.0,979.0,54,145
668.0,979.0,55,145
668.0,979.0,56,145
669.0,979.0,57,145
668.0,979.0,58,145
668.0,979.0,59,145
668.0,979.0,60,145
668.0,979.0,61,145
668.0,979.0,62,145
668.0,979.0,63,145
668.0,979.0,64,145
668.0,979.0,65,145
668.0,979.0,66,145
668.0,979.0,67,145
668.0,979.0,68,145
668.0,979.0,69,145
668.0,979.0,70,145
668.0,979.0,71,145
668.0,979.0,72,145
668.0,979.0,73,145
668.0,979.0,74,145
668.0,979.0,75,145
668.0,979.0,76,145
668.0,979.0,77,145
668.0,979.0,78,145
668.0,979.0,79,145
668.0,979.0,80,145
668.0,979.0,81,145
668.0,979.0,82,145
668.0,979.0,83,145
668.0,979.0,84,145
668.0,979.0,85,145
668.0,979.0,86,145
668.0,979.0,87,145
668.0,979.0,88,145
668.0,979.0,89,145
668.0,979.0,90,145
668.0,979.0,91,145
668.0,979.0,92,145
668.0,979.0,93,145
668.0,979.0,94,145
668.0,979.0,95,145
668.0,979.0,96,145
668.0,979.0,97,145
668.0,979.0,98,145
668.0,979.0,99,145
668.0,979.0,100,145
668.0,979.0,101,145
668.0,979.0,102,145
669.0,979.0,103,145
668.0,979.0,104,145
668.0,979.0,105,145
668.0,979.0,106,145
668.0,979.0,107,145
668.0,979.0,108,145
669.0,979.0,109,145
668.0,979.0,110,145
668.0,979.0,111,145
668.0,979.0,112,145
668.0,979.0,113,145
668.0,979.0,114,145
668.0,979.0,115,145
668.0,979.0,116,145
668.0,979.0,117,145
669.0,979.0,118,145
668.0,979.0,119,145
668.0,979.0,120,145
668.0,979.0,121,145
668.0,979.0,122,145
668.0,979.0,123,145
668.0,979.0,124,145
668.0,979.0,125,145
668.0,979.0,126,145
668.0,979.0,127,145
668.0,979.0,128,145
668.0,979.0,129,145
668.0,979.0,130,145
668.0,979.0,131,145
668.0,979.0,132,145
668.0,979.0,133,145
668.0,979.0,134,145
668.0,979.0,135,145
668.0,979.0,136,145
668.0,979.0,137,145
668.0,979.0,138,145
668.0,979.0,139,145
668.0,979.0,140,145
668.0,979.0,141,145
668.0,979.0,142,145
668.0,979.0,143,145
668.0,979.0,144,145
668.0,979.0,145,145
668.0,979.0,146,145
668.0,979.0,147,145
668.0,979.0,148,145
668.0,979.0,149,145
668.0,979.0,150,145
668.0,979.0,151,145
668.0,979.0,152,145
668.0,979.0,153,145
668.0,979.0,154,145
668.0,979.0,155,145
668.0,979.0,156,145
668.0,979.0,157,145
668.0,979.0,158,145
668.0,979.0,159,145
668.0,979.0,160,145
668.0,979.0,161,145
668.0,979.0,162,145
668.0,979.0,163,145
668.0,979.0,164,145
668.0,979.0,165,145
668.0,979.0,166,145
668.0,979.0,167,145
668.0,979.0,168,145
668.0,979.0,169,145
668.0,979.0,170,145
668.0,979.0,171,145
668.0,979.0,172,145
668.0,979.0,173,145
668.0,979.0,174,145
668.0,979.0,175,145
668.0,979.0,176,145
668.0,979.0,177,145
668.0,979.0,178,145
668.0,979.0,179,145
668.0,979.0,180,145
668.0,979.0,181,145
668.0,979.0,182,145
668.0,979.0,183,145
668.0,979.0,184,145
668.0,979.0,185,145
668.0,979.0,186,145
668.0,979.0,187,145
668.0,979.0,188,145
668.0,979.0,189,145
668.0,979.0,190,145
668.0,979.0,191,145
668.0,979.0,192,145
668.0,979.0,193,145
668.0,979.0,194,145
668.0,979.0,195,145
668.0,979.0,196,145
668.0,979.0,197,145
668.0,979.0,198,145
668.0,979.0,199,145
668.0,979.0,200,145
668.0,979.0,201,145
668.0,979.0,202,145
668.0,979.0,203,145
668.0,979.0,204,145
668.0,979.0,205,145
668.0,979.0,206,145
668.0,979.0,207,145
668.0,979.0,208,145
668.0,979.0,209,145
668.0,979.0,210,145
668.0,979.0,211,145
668.0,979.0,212,145
668.0,979.0,213,145
668.0,980.0,214,145
668.0,979.0,215,145
668.0,979.0,216,145
668.0,979.0,217,145
668.0,979.0,218,145
668.0,979.0,219,145
668.0,979.0,220,145
668.0,979.0,221,145
668.0,979.0,222,145
668.0,979.0,223,145
668.0,979.0,224,145
668.0,979.0,225,145
668.0,979.0,226,145
668.0,979.0,227,145
668.0,979.0,228,145
668.0,979.0,229,145
668.0,979.0,230,145
668.0,979.0,231,145
668.0,979.0,232,145
668.0,979.0,233,145
668.0,979.0,234,145
668.0,979.0,235,145
668.0,979.0,236,145
668.0,979.0,237,145
668.0,979.0,238,145
669.0,979.0,239,145
668.0,979.0,240,145
668.0,979.0,241,145
668.0,979.0,242,145
668.0,979.0,243,145
668.0,979.0,244,145
668.0,979.0,245,145
668.0,979.0,246,145
668.0,979.0,247,145
668.0,979.0,248,145
668.0,979.0,249,145
668.0,979.0,250,145
668.0,979.0,251,145
668.0,979.0,252,145
668.0,979.0,253,145
668.0,979.0,254,145
668.0,979.0,255,145
668.0,979.0,256,145
668.0,979.0,257,145
668.0,979.0,258,145
668.0,979.0,259,145
668.0,979.0,260,145
668.0,979.0,261,145
668.0,979.0,262,145
668.0,979.0,263,145
988.0,10.0,53,146
988.0,10.0,54,146
988.0,10.0,55,146
988.0,9.0,56,146
974.0,7.0,54,147
974.0,7.0,55,147
974.0,7.0,56,147
974.0,7.0,57,147
974.0,7.0,58,147
974.0,7.0,59,147
974.0,6.0,60,147
974.0,7.0,61,147
974.0,6.0,62,147
974.0,7.0,63,147
974.0,7.0,64,147
973.0,7.0,65,147
993.0,890.0,54,148
993.0,890.0,55,148
993.0,890.0,56,148
993.0,890.0,57,148
993.0,890.0,58,148
992.0,890.0,59,148
993.0,890.0,60,148
992.0,890.0,61,148
992.0,890.0,62,148
6.0,643.0,55,149
6.0,643.0,56,149
25.0,936.0,55,150
25.0,936.0,56,150
25.0,936.0,57,150
33.0,558.0,55,151
33.0,558.0,56,151
33.0,558.0,57,151
33.0,558.0,58,151
33.0,558.0,59,151
33.0,559.0,60,151
33.0,558.0,61,151
32.0,558.0,62,151
981.0,206.0,55,152
981.0,206.0,56,152
33.0,142.0,56,153
33.0,142.0,57,153
44.0,285.0,56,154
44.0,285.0,57,154
44.0,284.0,58,154
6.0,643.0,58,155
6.0,643.0,59,155
22.0,936.0,58,156
23.0,936.0,59,156
22.0,936.0,60,156
23.0,936.0,61,156
23.0,936.0,62,156
24.0,936.0,63,156
24.0,937.0,64,156
25.0,937.0,65,156
25.0,937.0,66,156
25.0,937.0,67,156
24.0,937.0,68,156
24.0,936.0,69,156
24.0,936.0,70,156
24.0,936.0,71,156
32.0,144.0,58,157
32.0,144.0,59,157
988.0,10.0,59,158
988.0,10.0,60,158
988.0,10.0,61,158
1009.0,732.0,59,159
1009.0,732.0,60,159
1009.0,732.0,61,159
5.0,642.0,60,160
5.0,642.0,61,160
5.0,642.0,62,160
24.0,56.0,61,161
24.0,56.0,62,161
24.0,56.0,63,161
989.0,357.0,61,162
989.0,357.0,62,162
989.0,357.0,63,162
989.0,357.0,64,162
988.0,358.0,65,162
991.0,352.0,61,163
991.0,352.0,62,163
991.0,352.0,63,163
991.0,352.0,64,163
991.0,352.0,65,163
991.0,352.0,66,163
991.0,352.0,67,163
32.0,143.0,62,164
32.0,144.0,63,164
33.0,559.0,63,165
33.0,559.0,64,165
33.0,559.0,65,165
33.0,558.0,66,165
33.0,559.0,67,165
33.0,559.0,68,165
33.0,559.0,69,165
32.0,558.0,70,165
32.0,558.0,71,165
993.0,890.0,63,166
993.0,890.0,64,166
6.0,642.0,64,167
6.0,642.0,65,167
33.0,563.0,64,168
33.0,563.0,65,168
1009.0,732.0,64,169
1009.0,732.0,65,169
1009.0,732.0,66,169
32.0,143.0,65,170
32.0,143.0,66,170
32.0,143.0,67,170
32.0,144.0,68,170
32.0,143.0,69,170
993.0,890.0,66,171
993.0,890.0,67,171
993.0,890.0,68,171
993.0,890.0,69,171
992.0,890.0,70,171
5.0,642.0,67,172
5.0,642.0,68,172
5.0,642.0,69,172
33.0,563.0,67,173
33.0,563.0,68,173
33.0,563.0,69,173
981.0,206.0,67,174
981.0,206.0,68,174
981.0,206.0,69,174
981.0,206.0,70,174
981.0,206.0,71,174
1009.0,732.0,68,175
1009.0,732.0,69,175
989.0,357.0,69,176
989.0,357.0,70,176
989.0,357.0,71,176
989.0,357.0,72,176
989.0,357.0,73,176
989.0,357.0,74,176
989.0,357.0,75,176
991.0,352.0,69,177
991.0,352.0,70,177
991.0,352.0,71,177
991.0,352.0,72,177
991.0,352.0,73,177
991.0,353.0,74,177
991.0,353.0,75,177
23.0,56.0,70,178
22.0,56.0,71,178
33.0,142.0,70,179
33.0,142.0,71,179
973.0,7.0,70,180
974.0,7.0,71,180
974.0,6.0,72,180
974.0,6.0,73,180
974.0,7.0,74,180
974.0,7.0,75,180
5.0,640.0,72,181
5.0,640.0,73,181
5.0,640.0,74,181
5.0,641.0,75,181
5.0,640.0,76,181
5.0,640.0,77,181
5.0,640.0,78,181
5.0,640.0,79,181
5.0,640.0,80,181
5.0,640.0,81,181
5.0,640.0,82,181
33.0,560.0,72,182
33.0,559.0,73,182
33.0,559.0,74,182
33.0,559.0,75,182
33.0,559.0,76,182
33.0,559.0,77,182
33.0,559.0,78,182
33.0,559.0,79,182
33.0,559.0,80,182
33.0,558.0,81,182
33.0,559.0,82,182
33.0,558.0,83,182
32.0,558.0,84,182
32.0,558.0,85,182
32.0,558.0,86,182
32.0,558.0,87,182
32.0,559.0,88,182
32.0,558.0,89,182
33.0,558.0,90,182
33.0,558.0,91,182
33.0,558.0,92,182
33.0,559.0,93,182
33.0,559.0,94,182
33.0,559.0,95,182
33.0,559.0,96,182
33.0,559.0,97,182
33.0,559.0,98,182
33.0,559.0,99,182
33.0,559.0,100,182
33.0,559.0,101,182
33.0,558.0,102,182
33.0,558.0,103,182
33.0,558.0,104,182
33.0,558.0,105,182
33.0,558.0,106,182
33.0,558.0,107,182
33.0,559.0,108,182
33.0,558.0,109,182
33.0,558.0,110,182
33.0,558.0,111,182
33.0,558.0,112,182
33.0,558.0,113,182
33.0,558.0,114,182
33.0,558.0,115,182
33.0,559.0,116,182
33.0,558.0,117,182
33.0,559.0,118,182
33.0,559.0,119,182
33.0,559.0,120,182
33.0,559.0,121,182
33.0,559.0,122,182
33.0,558.0,123,182
33.0,558.0,124,182
33.0,558.0,125,182
32.0,558.0,126,182
32.0,558.0,127,182
33.0,559.0,128,182
33.0,558.0,129,182
33.0,559.0,130,182
33.0,559.0,131,182
33.0,559.0,132,182
33.0,558.0,133,182
33.0,559.0,134,182
154.0,3.0,72,183
154.0,3.0,73,183
24.0,936.0,73,184
23.0,935.0,74,184
32.0,143.0,74,185
32.0,143.0,75,185
994.0,890.0,74,186
994.0,890.0,75,186
994.0,890.0,76,186
994.0,890.0,77,186
994.0,890.0,78,186
993.0,890.0,79,186
993.0,890.0,80,186
1009.0,732.0,74,187
1009.0,732.0,75,187
1019.0,760.0,74,188
1019.0,760.0,75,188
24.0,936.0,75,189
23.0,936.0,76,189
981.0,206.0,75,190
981.0,206.0,76,190
974.0,6.0,76,191
974.0,7.0,77,191
974.0,6.0,78,191
974.0,6.0,79,191
990.0,354.0,76,192
990.0,354.0,77,192
990.0,354.0,78,192
24.0,56.0,77,193
24.0,56.0,78,193
24.0,56.0,79,193
32.0,143.0,77,194
32.0,143.0,78,194
988.0,10.0,77,195
988.0,10.0,78,195
981.0,206.0,78,196
981.0,206.0,79,196
981.0,206.0,80,196
981.0,206.0,81,196
981.0,206.0,82,196
989.0,357.0,79,197
989.0,357.0,80,197
989.0,357.0,81,197
989.0,357.0,82,197
989.0,357.0,83,197
989.0,357.0,84,197
989.0,357.0,85,197
989.0,357.0,86,197
989.0,357.0,87,197
989.0,357.0,88,197
989.0,357.0,89,197
989.0,357.0,90,197
989.0,357.0,91,197
989.0,357.0,92,197
989.0,357.0,93,197
989.0,357.0,94,197
989.0,357.0,95,197
989.0,357.0,96,197
991.0,352.0,79,198
991.0,353.0,80,198
991.0,353.0,81,198
991.0,353.0,82,198
991.0,353.0,83,198
991.0,353.0,84,198
991.0,353.0,85,198
991.0,353.0,86,198
991.0,353.0,87,198
991.0,353.0,88,198
991.0,353.0,89,198
991.0,353.0,90,198
991.0,353.0,91,198
991.0,353.0,92,198
991.0,353.0,93,198
991.0,353.0,94,198
991.0,353.0,95,198
991.0,353.0,96,198
25.0,939.0,80,199
24.0,939.0,81,199
32.0,144.0,80,200
32.0,143.0,81,200
32.0,143.0,82,200
32.0,143.0,83,200
973.0,7.0,81,201
974.0,7.0,82,201
974.0,6.0,83,201
973.0,7.0,84,201
994.0,890.0,81,202
994.0,890.0,82,202
994.0,890.0,83,202
44.0,284.0,83,203
44.0,284.0,84,203
988.0,10.0,83,204
988.0,10.0,84,204
988.0,10.0,85,204
988.0,10.0,86,204
988.0,10.0,87,204
5.0,640.0,84,205
5.0,640.0,85,205
5.0,639.0,86,205
981.0,206.0,84,206
981.0,206.0,85,206
22.0,940.0,85,207
22.0,940.0,86,207
974.0,7.0,85,208
974.0,7.0,86,208
974.0,7.0,87,208
974.0,7.0,88,208
974.0,7.0,89,208
973.0,7.0,90,208
974.0,7.0,91,208
974.0,6.0,92,208
974.0,6.0,93,208
974.0,7.0,94,208
974.0,6.0,95,208
974.0,6.0,96,208
974.0,6.0,97,208
973.0,7.0,98,208
974.0,7.0,99,208
974.0,7.0,100,208
994.0,890.0,85,209
995.0,890.0,86,209
994.0,890.0,87,209
994.0,890.0,88,209
994.0,890.0,89,209
994.0,890.0,90,209
994.0,890.0,91,209
6.0,640.0,87,210
6.0,640.0,88,210
32.0,143.0,87,211
32.0,143.0,88,211
32.0,143.0,89,211
32.0,143.0,90,211
23.0,942.0,88,212
24.0,942.0,89,212
23.0,942.0,90,212
24.0,942.0,91,212
24.0,942.0,92,212
24.0,942.0,93,212
24.0,942.0,94,212
981.0,206.0,89,213
981.0,206.0,90,213
981.0,206.0,91,213
981.0,206.0,92,213
981.0,206.0,93,213
6.0,638.0,90,214
6.0,639.0,91,214
33.0,142.0,91,215
33.0,142.0,92,215
995.0,890.0,92,216
994.0,890.0,93,216
995.0,890.0,94,216
995.0,890.0,95,216
995.0,890.0,96,216
995.0,890.0,97,216
995.0,890.0,98,216
6.0,638.0,94,217
6.0,638.0,95,217
6.0,638.0,96,217
6.0,638.0,97,217
25.0,943.0,95,218
25.0,943.0,96,218
32.0,143.0,95,219
32.0,143.0,96,219
32.0,143.0,97,219
1009.0,732.0,95,220
1009.0,732.0,96,220
1009.0,732.0,97,220
24.0,942.0,97,221
23.0,942.0,98,221
33.0,142.0,98,222
33.0,142.0,99,222
33.0,142.0,100,222
989.0,357.0,98,223
989.0,357.0,99,223
989.0,357.0,100,223
989.0,357.0,101,223
989.0,357.0,102,223
989.0,357.0,103,223
989.0,357.0,104,223
989.0,357.0,105,223
989.0,357.0,106,223
989.0,357.0,107,223
989.0,357.0,108,223
989.0,357.0,109,223
989.0,357.0,110,223
989.0,358.0,111,223
989.0,358.0,112,223
988.0,358.0,113,223
989.0,358.0,114,223
988.0,358.0,115,223
988.0,358.0,116,223
989.0,358.0,117,223
989.0,358.0,118,223
988.0,358.0,119,223
991.0,353.0,98,224
991.0,353.0,99,224
991.0,353.0,100,224
991.0,353.0,101,224
991.0,353.0,102,224
991.0,353.0,103,224
991.0,353.0,104,224
991.0,353.0,105,224
991.0,353.0,106,224
991.0,352.0,107,224
990.0,352.0,108,224
990.0,352.0,109,224
990.0,352.0,110,224
990.0,352.0,111,224
990.0,352.0,112,224
990.0,352.0,113,224
990.0,352.0,114,224
990.0,352.0,115,224
990.0,352.0,116,224
990.0,352.0,117,224
990.0,352.0,118,224
990.0,352.0,119,224
990.0,352.0,120,224
990.0,352.0,121,224
990.0,352.0,122,224
990.0,352.0,123,224
990.0,352.0,124,224
990.0,352.0,125,224
990.0,352.0,126,224
990.0,352.0,127,224
990.0,352.0,128,224
990.0,352.0,129,224
990.0,352.0,130,224
990.0,352.0,131,224
990.0,352.0,132,224
990.0,352.0,133,224
990.0,352.0,134,224
990.0,352.0,135,224
991.0,352.0,136,224
991.0,353.0,137,224
991.0,353.0,138,224
991.0,353.0,139,224
991.0,353.0,140,224
991.0,353.0,141,224
991.0,353.0,142,224
991.0,352.0,143,224
991.0,353.0,144,224
991.0,353.0,145,224
991.0,353.0,146,224
991.0,353.0,147,224
991.0,352.0,148,224
991.0,352.0,149,224
990.0,352.0,150,224
990.0,352.0,151,224
990.0,352.0,152,224
990.0,352.0,153,224
990.0,352.0,154,224
990.0,352.0,155,224
991.0,352.0,156,224
990.0,352.0,157,224
991.0,352.0,158,224
990.0,352.0,159,224
990.0,352.0,160,224
990.0,352.0,161,224
990.0,352.0,162,224
990.0,352.0,163,224
991.0,353.0,164,224
991.0,353.0,165,224
991.0,353.0,166,224
991.0,353.0,167,224
991.0,353.0,168,224
991.0,353.0,169,224
991.0,353.0,170,224
991.0,353.0,171,224
991.0,353.0,172,224
991.0,353.0,173,224
991.0,353.0,174,224
991.0,353.0,175,224
990.0,352.0,176,224
990.0,352.0,177,224
990.0,352.0,178,224
990.0,352.0,179,224
990.0,352.0,180,224
991.0,353.0,181,224
991.0,353.0,182,224
991.0,352.0,183,224
990.0,352.0,184,224
991.0,353.0,185,224
991.0,352.0,186,224
993.0,924.0,98,225
993.0,924.0,99,225
994.0,924.0,100,225
994.0,924.0,101,225
993.0,924.0,102,225
993.0,924.0,103,225
994.0,924.0,104,225
994.0,924.0,105,225
993.0,924.0,106,225
994.0,924.0,107,225
994.0,924.0,108,225
994.0,924.0,109,225
994.0,924.0,110,225
993.0,924.0,111,225
993.0,924.0,112,225
993.0,924.0,113,225
994.0,924.0,114,225
993.0,924.0,115,225
993.0,924.0,116,225
993.0,924.0,117,225
994.0,924.0,118,225
993.0,924.0,119,225
993.0,924.0,120,225
994.0,924.0,121,225
993.0,924.0,122,225
994.0,923.0,123,225
994.0,924.0,124,225
994.0,924.0,125,225
993.0,924.0,126,225
993.0,924.0,127,225
993.0,924.0,128,225
994.0,924.0,129,225
993.0,924.0,130,225
993.0,924.0,131,225
994.0,924.0,132,225
994.0,924.0,133,225
994.0,924.0,134,225
994.0,924.0,135,225
994.0,924.0,136,225
994.0,924.0,137,225
994.0,924.0,138,225
994.0,924.0,139,225
993.0,924.0,140,225
994.0,924.0,141,225
994.0,924.0,142,225
994.0,924.0,143,225
993.0,924.0,144,225
994.0,924.0,145,225
993.0,924.0,146,225
994.0,924.0,147,225
994.0,924.0,148,225
994.0,924.0,149,225
993.0,924.0,150,225
993.0,924.0,151,225
994.0,924.0,152,225
993.0,924.0,153,225
993.0,924.0,154,225
994.0,924.0,155,225
994.0,924.0,156,225
994.0,924.0,157,225
994.0,924.0,158,225
993.0,924.0,159,225
994.0,924.0,160,225
994.0,924.0,161,225
993.0,924.0,162,225
993.0,924.0,163,225
993.0,924.0,164,225
994.0,924.0,165,225
993.0,924.0,166,225
994.0,924.0,167,225
994.0,924.0,168,225
994.0,924.0,169,225
994.0,924.0,170,225
994.0,924.0,171,225
993.0,924.0,172,225
993.0,924.0,173,225
994.0,924.0,174,225
993.0,924.0,175,225
994.0,924.0,176,225
994.0,923.0,177,225
6.0,637.0,99,226
6.0,636.0,100,226
6.0,636.0,101,226
10.0,34.0,99,227
10.0,34.0,100,227
25.0,943.0,99,228
26.0,943.0,100,228
26.0,943.0,101,228
25.0,943.0,102,228
25.0,943.0,103,228
25.0,943.0,104,228
994.0,890.0,99,229
994.0,889.0,100,229
1009.0,732.0,99,230
1009.0,732.0,100,230
32.0,143.0,101,231
32.0,143.0,102,231
32.0,143.0,103,231
32.0,144.0,104,231
32.0,143.0,105,231
32.0,144.0,106,231
32.0,143.0,107,231
32.0,143.0,108,231
32.0,143.0,109,231
974.0,6.0,101,232
974.0,6.0,102,232
974.0,6.0,103,232
974.0,7.0,104,232
974.0,7.0,105,232
973.0,7.0,106,232
974.0,7.0,107,232
974.0,6.0,108,232
974.0,7.0,109,232
974.0,6.0,110,232
974.0,6.0,111,232
974.0,7.0,112,232
974.0,7.0,113,232
974.0,6.0,114,232
974.0,7.0,115,232
973.0,7.0,116,232
974.0,7.0,117,232
974.0,7.0,118,232
995.0,890.0,101,233
995.0,890.0,102,233
981.0,206.0,102,234
981.0,206.0,103,234
44.0,285.0,103,235
44.0,284.0,104,235
44.0,285.0,105,235
24.0,56.0,104,236
24.0,56.0,105,236
995.0,889.0,104,237
995.0,890.0,105,237
995.0,889.0,106,237
995.0,890.0,107,237
995.0,889.0,108,237
995.0,890.0,109,237
995.0,889.0,110,237
995.0,889.0,111,237
995.0,889.0,112,237
994.0,889.0,113,237
1009.0,732.0,104,238
1009.0,732.0,105,238
1009.0,732.0,106,238
1009.0,732.0,107,238
6.0,638.0,105,239
6.0,638.0,106,239
6.0,638.0,107,239
6.0,637.0,108,239
6.0,636.0,109,239
6.0,637.0,110,239
6.0,636.0,111,239
6.0,636.0,112,239
6.0,636.0,113,239
6.0,636.0,114,239
6.0,636.0,115,239
6.0,635.0,116,239
6.0,635.0,117,239
6.0,635.0,118,239
24.0,942.0,105,240
24.0,942.0,106,240
24.0,942.0,107,240
10.0,34.0,107,241
10.0,34.0,108,241
24.0,56.0,107,242
24.0,56.0,108,242
24.0,56.0,109,242
976.0,311.0,107,243
976.0,310.0,108,243
10.0,34.0,111,244
10.0,34.0,112,244
11.0,34.0,113,244
26.0,944.0,112,245
26.0,944.0,113,245
26.0,944.0,114,245
988.0,9.0,112,246
988.0,10.0,113,246
995.0,888.0,114,247
995.0,888.0,115,247
995.0,888.0,116,247
995.0,888.0,117,247
995.0,888.0,118,247
995.0,888.0,119,247
995.0,888.0,120,247
995.0,888.0,121,247
995.0,888.0,122,247
23.0,944.0,115,248
22.0,944.0,116,248
1009.0,732.0,115,249
1009.0,732.0,116,249
988.0,9.0,116,250
988.0,10.0,117,250
32.0,143.0,119,251
32.0,143.0,120,251
988.0,9.0,119,252
988.0,10.0,120,252
988.0,10.0,121,252
988.0,10.0,122,252
988.0,10.0,123,252
1009.0,732.0,119,253
1009.0,732.0,120,253
1009.0,732.0,121,253
1009.0,732.0,122,253
6.0,634.0,120,254
6.0,634.0,121,254
22.0,946.0,120,255
21.0,946.0,121,255
21.0,946.0,122,255
974.0,7.0,120,256
973.0,7.0,121,256
974.0,7.0,122,256
974.0,7.0,123,256
974.0,7.0,124,256
974.0,6.0,125,256
974.0,6.0,126,256
974.0,7.0,127,256
973.0,7.0,128,256
989.0,357.0,120,257
989.0,358.0,121,257
989.0,357.0,122,257
6.0,634.0,123,258
6.0,634.0,124,258
5.0,634.0,125,258
5.0,634.0,126,258
6.0,634.0,127,258
6.0,634.0,128,258
981.0,206.0,123,259
981.0,206.0,124,259
988.0,358.0,123,260
988.0,358.0,124,260
989.0,358.0,125,260
989.0,357.0,126,260
989.0,357.0,127,260
989.0,357.0,128,260
989.0,357.0,129,260
989.0,357.0,130,260
989.0,358.0,131,260
989.0,357.0,132,260
989.0,357.0,133,260
989.0,357.0,134,260
989.0,357.0,135,260
989.0,357.0,136,260
989.0,357.0,137,260
989.0,357.0,138,260
989.0,357.0,139,260
989.0,357.0,140,260
989.0,357.0,141,260
989.0,357.0,142,260
989.0,357.0,143,260
989.0,357.0,144,260
989.0,357.0,145,260
989.0,357.0,146,260
989.0,357.0,147,260
989.0,357.0,148,260
989.0,357.0,149,260
989.0,357.0,150,260
989.0,357.0,151,260
989.0,358.0,152,260
989.0,358.0,153,260
989.0,357.0,154,260
989.0,357.0,155,260
989.0,357.0,156,260
989.0,357.0,157,260
989.0,357.0,158,260
989.0,357.0,159,260
989.0,357.0,160,260
989.0,357.0,161,260
989.0,357.0,162,260
989.0,357.0,163,260
989.0,357.0,164,260
989.0,357.0,165,260
989.0,357.0,166,260
989.0,357.0,167,260
989.0,357.0,168,260
989.0,357.0,169,260
989.0,357.0,170,260
989.0,357.0,171,260
989.0,357.0,172,260
989.0,357.0,173,260
989.0,357.0,174,260
989.0,357.0,175,260
989.0,357.0,176,260
989.0,357.0,177,260
989.0,357.0,178,260
989.0,357.0,179,260
989.0,357.0,180,260
989.0,357.0,181,260
989.0,357.0,182,260
989.0,357.0,183,260
989.0,357.0,184,260
989.0,357.0,185,260
989.0,357.0,186,260
996.0,888.0,123,261
995.0,888.0,124,261
995.0,888.0,125,261
995.0,888.0,126,261
995.0,888.0,127,261
995.0,888.0,128,261
996.0,888.0,129,261
995.0,888.0,130,261
995.0,888.0,131,261
995.0,888.0,132,261
995.0,887.0,133,261
995.0,887.0,134,261
995.0,888.0,135,261
32.0,143.0,124,262
32.0,144.0,125,262
32.0,143.0,126,262
32.0,144.0,127,262
32.0,144.0,128,262
32.0,143.0,129,262
32.0,143.0,130,262
21.0,948.0,125,263
21.0,948.0,126,263
21.0,947.0,127,263
24.0,56.0,125,264
24.0,56.0,126,264
988.0,10.0,125,265
988.0,10.0,126,265
988.0,10.0,127,265
988.0,10.0,128,265
11.0,34.0,126,266
11.0,34.0,127,266
1009.0,732.0,127,267
1009.0,732.0,128,267
24.0,56.0,128,268
24.0,56.0,129,268
22.0,948.0,129,269
22.0,948.0,130,269
22.0,948.0,131,269
22.0,948.0,132,269
22.0,948.0,133,269
22.0,948.0,134,269
974.0,7.0,129,270
974.0,7.0,130,270
973.0,7.0,131,270
974.0,7.0,132,270
974.0,7.0,133,270
974.0,7.0,134,270
6.0,634.0,130,271
6.0,633.0,131,271
6.0,633.0,132,271
988.0,10.0,130,272
988.0,10.0,131,272
970.0,978.0,131,273
970.0,978.0,132,273
970.0,978.0,133,273
970.0,978.0,134,273
970.0,978.0,135,273
970.0,978.0,136,273
970.0,978.0,137,273
970.0,978.0,138,273
970.0,978.0,139,273
970.0,978.0,140,273
970.0,978.0,141,273
970.0,978.0,142,273
970.0,978.0,143,273
970.0,978.0,144,273
970.0,978.0,145,273
970.0,978.0,146,273
970.0,978.0,147,273
970.0,978.0,148,273
970.0,978.0,149,273
970.0,978.0,150,273
970.0,978.0,151,273
970.0,978.0,152,273
970.0,978.0,153,273
970.0,978.0,154,273
970.0,978.0,155,273
970.0,978.0,156,273
970.0,978.0,157,273
970.0,978.0,158,273
970.0,978.0,159,273
970.0,978.0,160,273
970.0,978.0,161,273
969.0,978.0,162,273
970.0,978.0,163,273
970.0,978.0,164,273
970.0,978.0,165,273
970.0,978.0,166,273
970.0,978.0,167,273
970.0,978.0,168,273
970.0,978.0,169,273
970.0,978.0,170,273
970.0,978.0,171,273
970.0,978.0,172,273
970.0,978.0,173,273
970.0,978.0,174,273
970.0,978.0,175,273
970.0,978.0,176,273
970.0,978.0,177,273
970.0,978.0,178,273
969.0,978.0,179,273
970.0,978.0,180,273
970.0,978.0,181,273
969.0,978.0,182,273
969.0,978.0,183,273
969.0,978.0,184,273
969.0,978.0,185,273
969.0,978.0,186,273
969.0,978.0,187,273
969.0,978.0,188,273
969.0,978.0,189,273
969.0,978.0,190,273
969.0,978.0,191,273
969.0,978.0,192,273
969.0,978.0,193,273
969.0,978.0,194,273
969.0,978.0,195,273
969.0,978.0,196,273
969.0,978.0,197,273
969.0,978.0,198,273
969.0,978.0,199,273
969.0,978.0,200,273
969.0,978.0,201,273
969.0,978.0,202,273
969.0,978.0,203,273
969.0,978.0,204,273
969.0,978.0,205,273
969.0,978.0,206,273
969.0,978.0,207,273
969.0,978.0,208,273
969.0,978.0,209,273
969.0,978.0,210,273
969.0,978.0,211,273
969.0,978.0,212,273
969.0,978.0,213,273
970.0,978.0,214,273
970.0,978.0,215,273
970.0,978.0,216,273
970.0,978.0,217,273
970.0,978.0,218,273
970.0,978.0,219,273
970.0,978.0,220,273
970.0,978.0,221,273
970.0,978.0,222,273
970.0,978.0,223,273
969.0,977.0,224,273
970.0,978.0,225,273
969.0,977.0,226,273
970.0,978.0,227,273
970.0,978.0,228,273
970.0,978.0,229,273
970.0,978.0,230,273
970.0,978.0,231,273
970.0,978.0,232,273
970.0,978.0,233,273
970.0,978.0,234,273
970.0,978.0,235,273
970.0,978.0,236,273
970.0,978.0,237,273
970.0,978.0,238,273
969.0,977.0,239,273
969.0,977.0,240,273
969.0,977.0,241,273
970.0,978.0,242,273
969.0,977.0,243,273
969.0,977.0,244,273
970.0,977.0,245,273
970.0,977.0,246,273
970.0,977.0,247,273
970.0,977.0,248,273
969.0,977.0,249,273
970.0,977.0,250,273
970.0,977.0,251,273
969.0,977.0,252,273
970.0,977.0,253,273
969.0,977.0,254,273
970.0,977.0,255,273
970.0,977.0,256,273
970.0,977.0,257,273
970.0,977.0,258,273
969.0,977.0,259,273
970.0,977.0,260,273
969.0,977.0,261,273
969.0,977.0,262,273
969.0,977.0,263,273
32.0,143.0,132,274
32.0,143.0,133,274
32.0,143.0,134,274
1009.0,732.0,132,275
1009.0,732.0,133,275
988.0,10.0,133,276
988.0,10.0,134,276
6.0,633.0,134,277
6.0,633.0,135,277
22.0,950.0,135,278
22.0,950.0,136,278
23.0,950.0,137,278
24.0,56.0,135,279
24.0,56.0,136,279
32.0,558.0,135,280
32.0,558.0,136,280
32.0,558.0,137,280
32.0,558.0,138,280
32.0,558.0,139,280
32.0,558.0,140,280
32.0,558.0,141,280
32.0,559.0,142,280
32.0,559.0,143,280
32.0,560.0,144,280
32.0,560.0,145,280
32.0,560.0,146,280
32.0,143.0,136,281
32.0,143.0,137,281
974.0,6.0,136,282
973.0,7.0,137,282
974.0,6.0,138,282
974.0,7.0,139,282
974.0,7.0,140,282
974.0,7.0,141,282
973.0,7.0,142,282
973.0,7.0,143,282
973.0,7.0,144,282
974.0,6.0,145,282
974.0,7.0,146,282
974.0,6.0,147,282
974.0,7.0,148,282
973.0,7.0,149,282
973.0,7.0,150,282
974.0,6.0,151,282
973.0,7.0,152,282
973.0,7.0,153,282
974.0,6.0,154,282
974.0,6.0,155,282
988.0,10.0,136,283
988.0,9.0,137,283
996.0,888.0,136,284
996.0,887.0,137,284
996.0,886.0,138,284
996.0,886.0,139,284
996.0,887.0,140,284
6.0,632.0,137,285
6.0,632.0,138,285
6.0,632.0,139,285
23.0,951.0,138,286
24.0,951.0,139,286
24.0,951.0,140,286
24.0,951.0,141,286
24.0,951.0,142,286
24.0,951.0,143,286
24.0,951.0,144,286
24.0,951.0,145,286
24.0,950.0,146,286
24.0,950.0,147,286
24.0,950.0,148,286
24.0,950.0,149,286
24.0,950.0,150,286
24.0,950.0,151,286
24.0,950.0,152,286
24.0,950.0,153,286
33.0,142.0,140,287
33.0,142.0,141,287
988.0,10.0,141,288
988.0,10.0,142,288
988.0,10.0,143,288
1009.0,732.0,141,289
1009.0,732.0,142,289
996.0,887.0,142,290
996.0,887.0,143,290
996.0,887.0,144,290
996.0,886.0,145,290
996.0,886.0,146,290
996.0,886.0,147,290
996.0,886.0,148,290
996.0,886.0,149,290
996.0,886.0,150,290
996.0,886.0,151,290
995.0,886.0,152,290
996.0,886.0,153,290
995.0,886.0,154,290
32.0,143.0,143,291
32.0,144.0,144,291
32.0,143.0,145,291
32.0,143.0,146,291
10.0,34.0,144,292
10.0,34.0,145,292
10.0,34.0,146,292
981.0,206.0,144,293
981.0,206.0,145,293
981.0,206.0,146,293
6.0,631.0,145,294
6.0,632.0,146,294
6.0,632.0,147,294
6.0,631.0,148,294
6.0,631.0,149,294
6.0,632.0,150,294
6.0,632.0,151,294
6.0,632.0,152,294
6.0,631.0,153,294
6.0,631.0,154,294
6.0,632.0,155,294
988.0,9.0,145,295
988.0,10.0,146,295
32.0,558.0,147,296
32.0,559.0,148,296
32.0,558.0,149,296
32.0,558.0,150,296
32.0,558.0,151,296
32.0,558.0,152,296
32.0,558.0,153,296
32.0,558.0,154,296
32.0,558.0,155,296
33.0,558.0,156,296
32.0,558.0,157,296
32.0,558.0,158,296
33.0,558.0,159,296
33.0,559.0,160,296
33.0,558.0,161,296
33.0,559.0,162,296
32.0,558.0,163,296
33.0,559.0,164,296
32.0,558.0,165,296
32.0,558.0,166,296
32.0,558.0,167,296
32.0,558.0,168,296
32.0,558.0,169,296
32.0,558.0,170,296
32.0,558.0,171,296
32.0,558.0,172,296
32.0,558.0,173,296
32.0,558.0,174,296
32.0,558.0,175,296
32.0,558.0,176,296
32.0,558.0,177,296
32.0,558.0,178,296
32.0,558.0,179,296
32.0,558.0,180,296
32.0,558.0,181,296
32.0,558.0,182,296
33.0,559.0,183,296
32.0,558.0,184,296
32.0,558.0,185,296
32.0,558.0,186,296
32.0,558.0,187,296
32.0,558.0,188,296
33.0,558.0,189,296
33.0,559.0,190,296
33.0,559.0,191,296
11.0,34.0,148,297
11.0,34.0,149,297
11.0,34.0,150,297
32.0,143.0,148,298
32.0,143.0,149,298
988.0,10.0,148,299
988.0,10.0,149,299
988.0,10.0,150,299
988.0,10.0,151,299
988.0,10.0,152,299
988.0,10.0,153,299
988.0,10.0,154,299
1009.0,732.0,149,300
1009.0,732.0,150,300
33.0,142.0,150,301
33.0,142.0,151,301
23.0,56.0,152,302
24.0,56.0,153,302
32.0,143.0,152,303
32.0,143.0,153,303
32.0,143.0,154,303
1009.0,732.0,153,304
1009.0,732.0,154,304
22.0,951.0,154,305
22.0,951.0,155,305
22.0,951.0,156,305
22.0,951.0,157,305
22.0,951.0,158,305
22.0,951.0,159,305
23.0,951.0,160,305
23.0,951.0,161,305
23.0,951.0,162,305
23.0,951.0,163,305
10.0,34.0,155,306
11.0,34.0,156,306
974.0,7.0,157,307
973.0,7.0,158,307
973.0,7.0,159,307
974.0,7.0,160,307
974.0,7.0,161,307
973.0,7.0,162,307
974.0,6.0,163,307
974.0,7.0,164,307
974.0,7.0,165,307
974.0,6.0,166,307
974.0,7.0,167,307
974.0,7.0,168,307
974.0,6.0,169,307
974.0,7.0,170,307
974.0,6.0,171,307
973.0,7.0,172,307
974.0,6.0,173,307
974.0,6.0,174,307
973.0,7.0,175,307
973.0,7.0,176,307
974.0,7.0,177,307
974.0,6.0,178,307
973.0,7.0,179,307
996.0,886.0,157,308
997.0,886.0,158,308
996.0,886.0,159,308
10.0,34.0,158,309
10.0,34.0,159,309
988.0,10.0,158,310
988.0,10.0,159,310
44.0,286.0,159,311
44.0,285.0,160,311
981.0,206.0,159,312
981.0,206.0,160,312
1009.0,732.0,159,313
1009.0,732.0,160,313
997.0,886.0,160,314
996.0,886.0,161,314
996.0,886.0,162,314
996.0,886.0,163,314
996.0,886.0,164,314
996.0,885.0,165,314
996.0,885.0,166,314
1019.0,760.0,160,315
1019.0,760.0,161,315
32.0,143.0,161,316
32.0,144.0,162,316
32.0,143.0,163,316
44.0,284.0,161,317
44.0,284.0,162,317
43.0,284.0,163,317
129.0,45.0,161,318
128.0,45.0,162,318
129.0,45.0,163,318
129.0,44.0,164,318
129.0,44.0,165,318
129.0,44.0,166,318
129.0,45.0,167,318
129.0,44.0,168,318
129.0,44.0,169,318
129.0,44.0,170,318
129.0,44.0,171,318
129.0,44.0,172,318
129.0,44.0,173,318
129.0,44.0,174,318
129.0,44.0,175,318
129.0,44.0,176,318
129.0,44.0,177,318
129.0,43.0,178,318
129.0,43.0,179,318
129.0,43.0,180,318
129.0,43.0,181,318
129.0,43.0,182,318
129.0,43.0,183,318
129.0,43.0,184,318
129.0,43.0,185,318
129.0,43.0,186,318
129.0,43.0,187,318
129.0,43.0,188,318
129.0,43.0,189,318
129.0,43.0,190,318
129.0,43.0,191,318
129.0,43.0,192,318
129.0,43.0,193,318
129.0,43.0,194,318
129.0,43.0,195,318
129.0,43.0,196,318
129.0,43.0,197,318
129.0,43.0,198,318
129.0,43.0,199,318
129.0,43.0,200,318
129.0,43.0,201,318
129.0,43.0,202,318
129.0,43.0,203,318
129.0,43.0,204,318
129.0,43.0,205,318
129.0,43.0,206,318
129.0,43.0,207,318
129.0,43.0,208,318
129.0,43.0,209,318
129.0,43.0,210,318
129.0,43.0,211,318
129.0,43.0,212,318
129.0,43.0,213,318
129.0,43.0,214,318
129.0,43.0,215,318
129.0,43.0,216,318
129.0,43.0,217,318
129.0,43.0,218,318
129.0,43.0,219,318
129.0,43.0,220,318
129.0,43.0,221,318
129.0,43.0,222,318
129.0,43.0,223,318
129.0,43.0,224,318
129.0,43.0,225,318
129.0,43.0,226,318
129.0,43.0,227,318
129.0,43.0,228,318
129.0,43.0,229,318
129.0,43.0,230,318
129.0,43.0,231,318
129.0,43.0,232,318
129.0,43.0,233,318
129.0,43.0,234,318
129.0,43.0,235,318
129.0,43.0,236,318
129.0,43.0,237,318
129.0,43.0,238,318
129.0,43.0,239,318
129.0,43.0,240,318
129.0,43.0,241,318
129.0,43.0,242,318
129.0,43.0,243,318
129.0,43.0,244,318
129.0,43.0,245,318
129.0,43.0,246,318
129.0,43.0,247,318
129.0,43.0,248,318
129.0,43.0,249,318
129.0,43.0,250,318
129.0,43.0,251,318
129.0,43.0,252,318
129.0,43.0,253,318
129.0,43.0,254,318
129.0,43.0,255,318
129.0,43.0,256,318
129.0,43.0,257,318
129.0,43.0,258,318
129.0,43.0,259,318
129.0,43.0,260,318
129.0,43.0,261,318
129.0,43.0,262,318
129.0,43.0,263,318
988.0,10.0,161,319
988.0,9.0,162,319
988.0,10.0,163,319
988.0,10.0,164,319
988.0,10.0,165,319
988.0,10.0,166,319
988.0,10.0,167,319
988.0,10.0,168,319
24.0,950.0,164,320
24.0,950.0,165,320
24.0,950.0,166,320
24.0,950.0,167,320
25.0,950.0,168,320
33.0,142.0,164,321
33.0,142.0,165,321
33.0,142.0,166,321
33.0,142.0,167,321
1009.0,732.0,166,322
1009.0,732.0,167,322
1009.0,732.0,168,322
1009.0,732.0,169,322
995.0,886.0,167,323
995.0,886.0,168,323
995.0,886.0,169,323
995.0,886.0,170,323
995.0,886.0,171,323
11.0,34.0,168,324
11.0,34.0,169,324
32.0,143.0,168,325
32.0,144.0,169,325
24.0,56.0,169,326
24.0,56.0,170,326
24.0,56.0,171,326
24.0,56.0,172,326
24.0,56.0,173,326
24.0,56.0,174,326
24.0,950.0,169,327
23.0,950.0,170,327
23.0,950.0,171,327
23.0,950.0,172,327
23.0,950.0,173,327
23.0,950.0,174,327
23.0,950.0,175,327
23.0,950.0,176,327
23.0,950.0,177,327
23.0,950.0,178,327
22.0,950.0,179,327
23.0,950.0,180,327
23.0,949.0,181,327
22.0,949.0,182,327
22.0,949.0,183,327
23.0,949.0,184,327
22.0,949.0,185,327
22.0,949.0,186,327
22.0,949.0,187,327
23.0,949.0,188,327
23.0,949.0,189,327
23.0,949.0,190,327
22.0,949.0,191,327
23.0,948.0,192,327
33.0,142.0,170,328
33.0,142.0,171,328
33.0,142.0,172,328
988.0,10.0,170,329
988.0,10.0,171,329
988.0,10.0,172,329
988.0,9.0,173,329
981.0,206.0,171,330
981.0,206.0,172,330
981.0,206.0,173,330
981.0,206.0,174,330
981.0,206.0,175,330
981.0,206.0,176,330
1009.0,732.0,172,331
1009.0,732.0,173,331
1009.0,732.0,174,331
1019.0,760.0,172,332
1019.0,760.0,173,332
32.0,143.0,173,333
32.0,143.0,174,333
32.0,143.0,175,333
44.0,284.0,173,334
44.0,284.0,174,334
44.0,284.0,175,334
995.0,886.0,173,335
995.0,886.0,174,335
996.0,886.0,175,335
996.0,886.0,176,335
996.0,886.0,177,335
995.0,886.0,178,335
24.0,56.0,176,336
24.0,56.0,177,336
32.0,143.0,177,337
32.0,143.0,178,337
32.0,144.0,179,337
993.0,924.0,178,338
994.0,924.0,179,338
994.0,924.0,180,338
993.0,924.0,181,338
993.0,924.0,182,338
994.0,924.0,183,338
993.0,924.0,184,338
994.0,924.0,185,338
993.0,924.0,186,338
993.0,924.0,187,338
993.0,924.0,188,338
994.0,924.0,189,338
993.0,924.0,190,338
994.0,924.0,191,338
993.0,924.0,192,338
993.0,924.0,193,338
993.0,924.0,194,338
994.0,924.0,195,338
993.0,924.0,196,338
993.0,924.0,197,338
993.0,924.0,198,338
994.0,924.0,199,338
994.0,924.0,200,338
994.0,924.0,201,338
994.0,924.0,202,338
994.0,924.0,203,338
994.0,924.0,204,338
994.0,924.0,205,338
993.0,924.0,206,338
994.0,924.0,207,338
993.0,924.0,208,338
994.0,924.0,209,338
994.0,924.0,210,338
993.0,924.0,211,338
994.0,924.0,212,338
993.0,924.0,213,338
994.0,924.0,214,338
994.0,924.0,215,338
993.0,924.0,216,338
993.0,924.0,217,338
994.0,924.0,218,338
994.0,924.0,219,338
993.0,924.0,220,338
994.0,924.0,221,338
994.0,924.0,222,338
988.0,10.0,179,339
988.0,10.0,180,339
988.0,10.0,181,339
1009.0,732.0,179,340
1009.0,732.0,180,340
1009.0,732.0,181,340
1009.0,732.0,182,340
32.0,143.0,181,341
32.0,143.0,182,341
44.0,284.0,181,342
974.0,7.0,181,343
974.0,7.0,182,343
974.0,7.0,183,343
973.0,7.0,184,343
974.0,6.0,185,343
973.0,7.0,186,343
974.0,7.0,187,343
973.0,7.0,188,343
996.0,886.0,181,344
996.0,886.0,182,344
996.0,886.0,183,344
996.0,886.0,184,344
996.0,886.0,185,344
981.0,206.0,183,345
981.0,206.0,184,345
33.0,142.0,184,346
33.0,142.0,185,346
10.0,34.0,186,347
10.0,34.0,187,347
995.0,886.0,186,348
995.0,886.0,187,348
990.0,354.0,187,349
990.0,354.0,188,349
990.0,354.0,189,349
990.0,354.0,190,349
990.0,354.0,191,349
990.0,354.0,192,349
990.0,354.0,193,349
990.0,355.0,194,349
990.0,354.0,195,349
990.0,354.0,196,349
990.0,354.0,197,349
990.0,354.0,198,349
24.0,56.0,189,350
24.0,56.0,190,350
33.0,142.0,189,351
33.0,142.0,190,351
995.0,886.0,189,352
996.0,886.0,190,352
996.0,886.0,191,352
997.0,886.0,192,352
996.0,886.0,193,352
996.0,886.0,194,352
996.0,886.0,195,352
996.0,887.0,196,352
996.0,886.0,197,352
996.0,886.0,198,352
996.0,886.0,199,352
996.0,886.0,200,352
996.0,886.0,201,352
996.0,886.0,202,352
996.0,886.0,203,352
996.0,886.0,204,352
996.0,886.0,205,352
1006.0,160.0,189,353
1006.0,160.0,190,353
1006.0,160.0,191,353
974.0,6.0,190,354
974.0,6.0,191,354
974.0,6.0,192,354
974.0,7.0,193,354
974.0,7.0,194,354
974.0,6.0,195,354
974.0,7.0,196,354
974.0,7.0,197,354
974.0,6.0,198,354
973.0,7.0,199,354
10.0,34.0,191,355
10.0,34.0,192,355
32.0,143.0,192,356
32.0,143.0,193,356
32.0,143.0,194,356
32.0,143.0,195,356
32.0,558.0,192,357
32.0,558.0,193,357
33.0,558.0,194,357
33.0,558.0,195,357
981.0,206.0,193,358
981.0,206.0,194,358
988.0,10.0,193,359
988.0,10.0,194,359
988.0,10.0,195,359
10.0,34.0,194,360
10.0,34.0,195,360
23.0,950.0,195,361
24.0,950.0,196,361
24.0,950.0,197,361
24.0,950.0,198,361
1009.0,732.0,197,362
1009.0,732.0,198,362
44.0,285.0,198,363
44.0,284.0,199,363
988.0,10.0,198,364
988.0,10.0,199,364
23.0,951.0,199,365
23.0,951.0,200,365
33.0,558.0,199,366
33.0,558.0,200,366
32.0,558.0,201,366
32.0,558.0,202,366
33.0,558.0,203,366
32.0,558.0,204,366
32.0,558.0,205,366
32.0,559.0,206,366
32.0,559.0,207,366
32.0,559.0,208,366
32.0,559.0,209,366
32.0,559.0,210,366
32.0,558.0,211,366
32.0,558.0,212,366
32.0,558.0,213,366
32.0,558.0,214,366
32.0,558.0,215,366
32.0,558.0,216,366
32.0,558.0,217,366
32.0,558.0,218,366
32.0,558.0,219,366
33.0,559.0,220,366
32.0,558.0,221,366
32.0,559.0,222,366
32.0,559.0,223,366
32.0,559.0,224,366
32.0,559.0,225,366
32.0,559.0,226,366
32.0,558.0,227,366
32.0,558.0,228,366
32.0,558.0,229,366
989.0,357.0,199,367
989.0,357.0,200,367
989.0,357.0,201,367
991.0,353.0,199,368
991.0,353.0,200,368
991.0,353.0,201,368
32.0,143.0,200,369
32.0,143.0,201,369
974.0,6.0,201,370
973.0,7.0,202,370
974.0,6.0,203,370
974.0,7.0,204,370
974.0,6.0,205,370
974.0,7.0,206,370
10.0,34.0,202,371
10.0,34.0,203,371
25.0,952.0,202,372
25.0,952.0,203,372
25.0,952.0,204,372
25.0,952.0,205,372
25.0,952.0,206,372
25.0,952.0,207,372
25.0,951.0,208,372
25.0,951.0,209,372
26.0,951.0,210,372
25.0,951.0,211,372
25.0,952.0,212,372
24.0,56.0,203,373
24.0,56.0,204,373
24.0,56.0,205,373
32.0,144.0,203,374
32.0,143.0,204,374
32.0,143.0,205,374
32.0,144.0,206,374
32.0,143.0,207,374
32.0,143.0,208,374
989.0,357.0,203,375
989.0,357.0,204,375
989.0,357.0,205,375
989.0,357.0,206,375
991.0,352.0,203,376
991.0,353.0,204,376
991.0,353.0,205,376
991.0,353.0,206,376
988.0,10.0,205,377
988.0,10.0,206,377
1009.0,732.0,206,378
1009.0,732.0,207,378
974.0,6.0,207,379
974.0,7.0,208,379
974.0,6.0,209,379
973.0,7.0,210,379
974.0,7.0,211,379
973.0,7.0,212,379
973.0,7.0,213,379
973.0,7.0,214,379
974.0,7.0,215,379
974.0,7.0,216,379
974.0,6.0,217,379
973.0,7.0,218,379
974.0,6.0,219,379
974.0,7.0,220,379
974.0,6.0,221,379
990.0,354.0,207,380
990.0,354.0,208,380
990.0,354.0,209,380
990.0,354.0,210,380
990.0,354.0,211,380
990.0,354.0,212,380
990.0,354.0,213,380
990.0,354.0,214,380
990.0,354.0,215,380
990.0,354.0,216,380
990.0,354.0,217,380
990.0,354.0,218,380
990.0,354.0,219,380
990.0,354.0,220,380
990.0,354.0,221,380
990.0,354.0,222,380
990.0,354.0,223,380
990.0,354.0,224,380
990.0,354.0,225,380
995.0,886.0,207,381
996.0,886.0,208,381
996.0,886.0,209,381
24.0,56.0,208,382
24.0,56.0,209,382
33.0,142.0,209,383
33.0,142.0,210,383
997.0,887.0,211,384
996.0,887.0,212,384
996.0,887.0,213,384
996.0,886.0,214,384
996.0,886.0,215,384
996.0,887.0,216,384
996.0,886.0,217,384
24.0,56.0,212,385
24.0,56.0,213,385
24.0,56.0,214,385
33.0,562.0,212,386
33.0,562.0,213,386
1019.0,760.0,212,387
1019.0,760.0,213,387
1019.0,760.0,214,387
22.0,952.0,213,388
23.0,952.0,214,388
23.0,952.0,215,388
23.0,952.0,216,388
32.0,143.0,213,389
32.0,144.0,214,389
32.0,144.0,215,389
988.0,10.0,213,390
988.0,10.0,214,390
988.0,10.0,215,390
988.0,10.0,216,390
988.0,10.0,217,390
988.0,9.0,218,390
988.0,10.0,219,390
44.0,284.0,217,391
44.0,284.0,218,391
24.0,56.0,218,392
24.0,56.0,219,392
981.0,206.0,218,393
981.0,206.0,219,393
981.0,206.0,220,393
981.0,206.0,221,393
981.0,206.0,222,393
981.0,206.0,223,393
997.0,886.0,218,394
997.0,886.0,219,394
997.0,886.0,220,394
997.0,886.0,221,394
997.0,886.0,222,394
997.0,886.0,223,394
997.0,886.0,224,394
23.0,953.0,219,395
24.0,953.0,220,395
32.0,143.0,220,396
32.0,143.0,221,396
32.0,143.0,222,396
33.0,563.0,220,397
33.0,562.0,221,397
1.0,618.0,221,398
1.0,617.0,222,398
26.0,954.0,221,399
25.0,954.0,222,399
26.0,954.0,223,399
26.0,954.0,224,399
26.0,954.0,225,399
26.0,954.0,226,399
26.0,954.0,227,399
25.0,954.0,228,399
25.0,954.0,229,399
25.0,954.0,230,399
25.0,954.0,231,399
26.0,954.0,232,399
26.0,953.0,233,399
25.0,953.0,234,399
32.0,143.0,224,400
32.0,143.0,225,400
32.0,143.0,226,400
994.0,924.0,224,401
994.0,924.0,225,401
993.0,924.0,226,401
994.0,924.0,227,401
994.0,924.0,228,401
993.0,924.0,229,401
994.0,924.0,230,401
993.0,924.0,231,401
994.0,924.0,232,401
994.0,924.0,233,401
994.0,924.0,234,401
993.0,924.0,235,401
993.0,924.0,236,401
993.0,924.0,237,401
993.0,924.0,238,401
993.0,924.0,239,401
994.0,924.0,240,401
994.0,924.0,241,401
993.0,924.0,242,401
993.0,924.0,243,401
994.0,924.0,244,401
993.0,924.0,245,401
993.0,924.0,246,401
994.0,924.0,247,401
994.0,924.0,248,401
993.0,924.0,249,401
994.0,924.0,250,401
993.0,924.0,251,401
993.0,924.0,252,401
993.0,924.0,253,401
994.0,924.0,254,401
993.0,924.0,255,401
993.0,924.0,256,401
994.0,924.0,257,401
993.0,924.0,258,401
994.0,924.0,259,401
994.0,924.0,260,401
994.0,924.0,261,401
994.0,924.0,262,401
993.0,924.0,263,401
974.0,7.0,225,402
974.0,7.0,226,402
973.0,7.0,227,402
974.0,7.0,228,402
974.0,6.0,229,402
974.0,7.0,230,402
974.0,6.0,231,402
974.0,6.0,232,402
974.0,7.0,233,402
974.0,6.0,234,402
974.0,6.0,235,402
974.0,7.0,236,402
973.0,7.0,237,402
974.0,6.0,238,402
974.0,6.0,239,402
974.0,7.0,240,402
973.0,7.0,241,402
974.0,6.0,242,402
973.0,7.0,243,402
974.0,7.0,244,402
974.0,7.0,245,402
974.0,6.0,246,402
974.0,7.0,247,402
973.0,7.0,248,402
974.0,7.0,249,402
974.0,6.0,250,402
974.0,7.0,251,402
974.0,7.0,252,402
974.0,7.0,253,402
974.0,7.0,254,402
973.0,7.0,255,402
974.0,6.0,256,402
973.0,7.0,257,402
974.0,7.0,258,402
974.0,7.0,259,402
974.0,6.0,260,402
974.0,6.0,261,402
974.0,6.0,262,402
973.0,7.0,263,402
981.0,206.0,225,403
981.0,206.0,226,403
988.0,10.0,226,404
988.0,9.0,227,404
989.0,357.0,226,405
989.0,357.0,227,405
989.0,357.0,228,405
989.0,357.0,229,405
989.0,357.0,230,405
989.0,357.0,231,405
989.0,357.0,232,405
989.0,357.0,233,405
989.0,357.0,234,405
989.0,357.0,235,405
989.0,357.0,236,405
989.0,357.0,237,405
989.0,357.0,238,405
989.0,357.0,239,405
989.0,357.0,240,405
989.0,357.0,241,405
989.0,357.0,242,405
989.0,357.0,243,405
989.0,357.0,244,405
991.0,353.0,226,406
991.0,353.0,227,406
991.0,353.0,228,406
991.0,353.0,229,406
991.0,353.0,230,406
990.0,352.0,231,406
991.0,352.0,232,406
990.0,352.0,233,406
990.0,352.0,234,406
990.0,352.0,235,406
991.0,352.0,236,406
990.0,352.0,237,406
990.0,352.0,238,406
991.0,352.0,239,406
991.0,353.0,240,406
991.0,353.0,241,406
991.0,352.0,242,406
991.0,352.0,243,406
991.0,353.0,244,406
997.0,886.0,226,407
997.0,886.0,227,407
11.0,34.0,228,408
10.0,34.0,229,408
10.0,34.0,230,408
32.0,143.0,228,409
32.0,144.0,229,409
32.0,143.0,230,409
997.0,886.0,229,410
997.0,885.0,230,410
997.0,886.0,231,410
997.0,885.0,232,410
997.0,885.0,233,410
997.0,885.0,234,410
996.0,885.0,235,410
996.0,885.0,236,410
997.0,885.0,237,410
32.0,559.0,231,411
32.0,558.0,232,411
32.0,558.0,233,411
32.0,558.0,234,411
32.0,558.0,235,411
32.0,558.0,236,411
33.0,559.0,237,411
33.0,559.0,238,411
33.0,558.0,239,411
33.0,558.0,240,411
33.0,558.0,241,411
33.0,559.0,242,411
33.0,142.0,231,412
33.0,142.0,232,412
24.0,56.0,233,413
24.0,56.0,234,413
24.0,56.0,235,413
988.0,9.0,233,414
988.0,10.0,234,414
3.0,784.0,235,415
4.0,783.0,236,415
24.0,954.0,235,416
23.0,954.0,236,416
23.0,954.0,237,416
32.0,143.0,235,417
32.0,143.0,236,417
32.0,143.0,237,417
32.0,144.0,238,417
10.0,34.0,236,418
10.0,34.0,237,418
11.0,34.0,238,418
10.0,34.0,239,418
11.0,34.0,240,418
10.0,34.0,241,418
3.0,788.0,237,419
3.0,788.0,238,419
24.0,56.0,237,420
24.0,56.0,238,420
24.0,56.0,239,420
988.0,9.0,237,421
988.0,10.0,238,421
23.0,954.0,239,422
23.0,955.0,240,422
997.0,884.0,239,423
997.0,884.0,240,423
997.0,884.0,241,423
997.0,885.0,242,423
997.0,885.0,243,423
998.0,885.0,244,423
998.0,885.0,245,423
32.0,143.0,240,424
32.0,144.0,241,424
32.0,144.0,242,424
32.0,143.0,243,424
988.0,10.0,240,425
988.0,9.0,241,425
988.0,10.0,242,425
988.0,10.0,243,425
22.0,954.0,241,426
22.0,954.0,242,426
22.0,954.0,243,426
23.0,954.0,244,426
23.0,954.0,245,426
23.0,954.0,246,426
23.0,954.0,247,426
23.0,954.0,248,426
24.0,954.0,249,426
24.0,954.0,250,426
24.0,954.0,251,426
24.0,56.0,241,427
24.0,56.0,242,427
24.0,56.0,243,427
24.0,56.0,244,427
24.0,56.0,245,427
33.0,140.0,241,428
33.0,140.0,242,428
33.0,140.0,243,428
10.0,34.0,243,429
11.0,34.0,244,429
11.0,34.0,245,429
10.0,34.0,246,429
11.0,34.0,247,429
32.0,558.0,243,430
33.0,559.0,244,430
32.0,558.0,245,430
32.0,558.0,246,430
32.0,558.0,247,430
32.0,558.0,248,430
33.0,558.0,249,430
33.0,558.0,250,430
33.0,558.0,251,430
33.0,558.0,252,430
33.0,559.0,253,430
33.0,558.0,254,430
33.0,558.0,255,430
33.0,558.0,256,430
33.0,559.0,257,430
33.0,558.0,258,430
33.0,558.0,259,430
33.0,559.0,260,430
33.0,559.0,261,430
33.0,559.0,262,430
33.0,558.0,263,430
981.0,206.0,243,431
981.0,206.0,244,431
2.0,614.0,245,432
1.0,614.0,246,432
2.0,614.0,247,432
33.0,142.0,245,433
33.0,142.0,246,433
988.0,10.0,245,434
988.0,10.0,246,434
989.0,357.0,246,435
989.0,357.0,247,435
991.0,353.0,246,436
991.0,353.0,247,436
998.0,884.0,247,437
998.0,884.0,248,437
998.0,884.0,249,437
998.0,884.0,250,437
998.0,884.0,251,437
988.0,10.0,248,438
988.0,10.0,249,438
988.0,10.0,250,438
988.0,10.0,251,438
988.0,9.0,252,438
990.0,354.0,248,439
990.0,354.0,249,439
990.0,354.0,250,439
990.0,354.0,251,439
990.0,354.0,252,439
990.0,354.0,253,439
990.0,354.0,254,439
2.0,614.0,249,440
2.0,614.0,250,440
10.0,34.0,249,441
10.0,34.0,250,441
10.0,34.0,251,441
32.0,143.0,249,442
32.0,143.0,250,442
1009.0,732.0,249,443
1009.0,732.0,250,443
1009.0,732.0,251,443
1009.0,732.0,252,443
49.0,539.0,250,444
49.0,539.0,251,444
22.0,954.0,252,445
23.0,955.0,253,445
24.0,56.0,252,446
24.0,56.0,253,446
24.0,56.0,254,446
32.0,143.0,252,447
32.0,143.0,253,447
997.0,885.0,253,448
998.0,885.0,254,448
998.0,885.0,255,448
998.0,885.0,256,448
997.0,885.0,257,448
997.0,885.0,258,448
1.0,613.0,254,449
1.0,612.0,255,449
25.0,955.0,254,450
25.0,956.0,255,450
989.0,357.0,255,451
989.0,357.0,256,451
989.0,357.0,257,451
989.0,357.0,258,451
991.0,352.0,255,452
991.0,353.0,256,452
991.0,352.0,257,452
991.0,352.0,258,452
10.0,34.0,256,453
11.0,34.0,257,453
21.0,956.0,256,454
21.0,956.0,257,454
21.0,956.0,258,454
21.0,956.0,259,454
21.0,955.0,260,454
21.0,955.0,261,454
21.0,955.0,262,454
21.0,954.0,263,454
33.0,142.0,256,455
33.0,142.0,257,455
34.0,792.0,256,456
34.0,792.0,257,456
44.0,285.0,257,457
44.0,284.0,258,457
44.0,284.0,259,457
988.0,10.0,257,458
988.0,10.0,258,458
32.0,143.0,258,459
32.0,143.0,259,459
32.0,143.0,260,459
990.0,354.0,259,460
990.0,354.0,260,460
988.0,10.0,260,461
988.0,10.0,261,461
988.0,10.0,262,461
988.0,10.0,263,461
998.0,886.0,260,462
998.0,885.0,261,462
998.0,885.0,262,462
998.0,885.0,263,462
2.0,612.0,261,463
2.0,611.0,262,463
2.0,612.0,263,463
989.0,357.0,261,464
989.0,357.0,262,464
989.0,357.0,263,464
991.0,353.0,261,465
991.0,353.0,262,465
991.0,353.0,263,465
45.0,795.0,262,466
45.0,795.0,263,466
